Alter,Einkommen,Preis,Geschlecht,Zeit,KundeNr,Niederlassung
64,66894.0,88160.31,1,43.0,K0310,Bayern
54,77644.0,103145.7,1,40.0,K1042,Berlin
55,44341.0,80565.16,0,37.0,K0382,Baden-Württemberg
49,67271.0,83949.89,0,42.0,K0498,Bayern
46,49832.0,93781.58,0,41.0,K0552,Hessen
59,62970.0,83862.47,1,56.0,K0833,Hessen
36,23660.0,49960.18,1,23.0,K0097,Thüringen
50,62422.0,94530.65,1,38.0,K0290,Thüringen
32,34112.0,62280.35,1,36.0,K0950,Bayern
62,77546.0,124857.23,1,52.0,K0102,Baden-Württemberg
68,77662.0,118227.18,1,54.0,K1098,Thüringen
45,68432.0,82849.76,0,39.0,K0071,Berlin
51,37169.0,57319.84,0,31.0,K1023,Sachsen
65,78613.0,114603.28,1,50.0,K0482,Baden-Württemberg
53,69721.0,98479.34,1,54.0,K0440,Hessen
62,62350.0,84761.44,1,42.0,K0877,Hessen
34,57844.0,62302.49,1,54.0,K0295,Nordrhein-Westfalen
55,44222.0,78218.77,1,37.0,K0329,Bayern
53,74381.0,120881.72,0,57.0,K0433,Nordrhein-Westfalen
57,45095.0,77157.15,0,42.0,K0142,Baden-Württemberg
43,52813.0,67106.32,0,44.0,K0762,Berlin
46,49340.0,69960.66,0,47.0,K0459,Nordrhein-Westfalen
62,89774.0,117051.99,1,72.0,K0865,Sachsen
55,66861.0,97465.12,0,54.0,K1001,Bayern
66,84822.0,118968.62,0,56.0,K0889,Hessen
59,91693.0,121840.18,1,52.0,K0917,Bayern
67,61517.0,80799.11,0,43.0,K0537,Niedersachsen
66,78548.0,121289.35,0,69.0,K0362,Sachsen
40,61386.0,81555.07,0,53.0,K0856,Niedersachsen
41,45016.0,65106.71,0,39.0,K0399,Niedersachsen
30,39302.0,71437.17,1,35.0,K0448,Baden-Württemberg
65,83431.0,119640.51,1,65.0,K0210,Baden-Württemberg
48,46259.0,73400.97,1,29.0,K0502,Baden-Württemberg
53,56160.0,93839.56,1,38.0,K0782,Nordrhein-Westfalen
37,47689.0,73619.96,0,20.0,K0912,Hessen
55,56264.0,83364.29,1,40.0,K0412,Baden-Württemberg
34,27844.0,41694.48,0,36.0,K0690,Bayern
43,72619.0,94619.66,1,56.0,K0698,Berlin
57,51842.0,70527.14,0,51.0,K0045,Sachsen
39,16051.0,24654.09,0,29.0,K0535,Hamburg
55,63325.0,89117.31,0,46.0,K0766,Berlin
58,64638.0,98621.47,1,46.0,K0335,Bayern
44,54514.0,80645.05,1,53.0,K0695,Hessen
39,44538.0,74086.48,0,40.0,K0603,Bayern
65,96471.0,145684.18,1,55.0,K0520,Nordrhein-Westfalen
36,35235.0,67764.25,1,22.0,K0468,Nordrhein-Westfalen
36,41489.0,63321.68,1,47.0,K1047,Baden-Württemberg
70,77553.0,119128.85,1,58.0,K0619,Bayern
62,62829.0,96175.78,1,42.0,K0449,Baden-Württemberg
50,67714.0,90616.13,0,55.0,K0919,Hessen
69,73444.0,115561.62,1,47.0,K0052,Niedersachsen
52,49778.0,72763.75,1,44.0,K0732,Thüringen
46,61088.0,117616.31,1,48.0,K0622,Berlin
40,61057.0,77084.28,0,47.0,K0735,Baden-Württemberg
35,52067.0,67345.58,1,44.0,K0199,Berlin
58,64180.0,98148.01,1,51.0,K0057,Baden-Württemberg
41,39630.0,80659.67,1,41.0,K0507,Bayern
46,67665.0,83620.57,0,50.0,K0299,Berlin
40,43103.0,77219.0,0,33.0,K0531,Berlin
35,39813.0,60757.87,0,31.0,K0998,Niedersachsen
40,45448.0,70066.79,0,40.0,K0193,Baden-Württemberg
61,90246.0,111436.45,0,61.0,K0139,Bayern
65,60323.0,90362.92,1,47.0,K0588,Niedersachsen
57,70535.0,88743.79,1,46.0,K0406,Nordrhein-Westfalen
64,76331.0,108153.91,1,52.0,K0630,Baden-Württemberg
53,57988.0,114801.87,1,45.0,K0713,Nordrhein-Westfalen
35,58838.0,81539.66,1,47.0,K1056,Sachsen
68,89783.0,138190.26,1,73.0,K0957,Baden-Württemberg
64,69256.0,110341.3,1,47.0,K0110,Berlin
46,47284.0,62114.5,0,46.0,K0278,Niedersachsen
66,63799.0,109159.01,1,48.0,K0032,Brandenburg
40,47192.0,72220.0,0,48.0,K0087,Sachsen
41,42992.0,65811.72,1,38.0,K0454,Bayern
37,45503.0,50836.91,1,35.0,K0089,Nordrhein-Westfalen
51,66908.0,93021.39,1,65.0,K0108,Bayern
38,34983.0,39236.62,0,33.0,K0333,Hamburg
43,38995.0,61300.12,1,43.0,K0944,Nordrhein-Westfalen
64,60640.0,92602.45,1,46.0,K0774,Baden-Württemberg
46,62061.0,105588.24,1,43.0,K0716,Nordrhein-Westfalen
55,63152.0,101027.77,1,46.0,K1029,Niedersachsen
63,65114.0,102718.58,1,47.0,K0466,Berlin
31,45575.0,67425.51,1,41.0,K0729,Bayern
39,48855.0,68265.8,1,46.0,K0426,Hessen
68,84070.0,122645.18,1,63.0,K0573,Brandenburg
68,83899.0,128052.56,0,59.0,K0523,Berlin
55,81244.0,108119.52,1,58.0,K0614,Hamburg
44,40928.0,68349.12,0,36.0,K0938,Niedersachsen
53,30821.0,58450.55,1,26.0,K0011,Nordrhein-Westfalen
33,46732.0,78942.39,1,37.0,K1094,Berlin
61,59597.0,104647.51,0,47.0,K0934,Baden-Württemberg
53,63147.0,105317.06,1,47.0,K0725,Hamburg
31,30572.0,47857.93,0,31.0,K0328,Thüringen
31,24944.0,31094.22,1,35.0,K0179,Hessen
57,37682.0,48170.28,0,45.0,K0568,Berlin
42,68945.0,88842.18,1,49.0,K0974,Berlin
49,32964.0,49823.49,0,29.0,K0591,Bayern
37,55505.0,61612.78,1,39.0,K0952,Berlin
40,50626.0,75452.53,1,40.0,K0586,Sachsen
43,45517.0,63320.19,0,33.0,K0114,Hessen
60,60569.0,89849.34,0,52.0,K0843,Brandenburg
68,94307.0,139799.0,0,56.0,K0334,Berlin
46,50946.0,83406.88,0,32.0,K0050,Nordrhein-Westfalen
63,92456.0,141292.39,0,57.0,K0060,Bayern
69,80400.0,120052.16,0,54.0,K0945,Berlin
50,55477.0,88889.58,1,46.0,K1028,Hamburg
35,25203.0,48554.06,1,37.0,K0755,Brandenburg
49,34170.0,53806.21,0,30.0,K0274,Hessen
35,53806.0,84195.58,1,45.0,K0949,Berlin
50,35262.0,55722.36,0,25.0,K0585,Berlin
55,79794.0,118498.73,1,54.0,K0784,Hessen
41,46542.0,63477.0,1,40.0,K0024,Baden-Württemberg
62,72626.0,109158.35,1,59.0,K0219,Baden-Württemberg
68,77118.0,83418.33,1,47.0,K0159,Berlin
47,56965.0,86689.81,0,41.0,K0532,Niedersachsen
48,67923.0,104683.62,0,41.0,K0211,Sachsen
63,55422.0,81784.14,0,40.0,K0680,Sachsen
50,64086.0,92285.2,1,34.0,K1035,Sachsen
51,72996.0,124497.54,0,50.0,K0813,Bayern
34,25970.0,45444.01,0,33.0,K0981,Bayern
30,42551.0,58706.65,1,46.0,K0084,Niedersachsen
58,73890.0,100147.52,0,48.0,K0982,Sachsen
39,59413.0,80369.74,0,44.0,K0421,Baden-Württemberg
60,51460.0,80985.24,1,31.0,K0834,Sachsen
51,72225.0,120296.65,0,52.0,K0826,Nordrhein-Westfalen
46,65611.0,85435.92,1,54.0,K0721,Thüringen
61,57745.0,102766.17,1,49.0,K0129,Baden-Württemberg
35,38580.0,47131.37,1,44.0,K0360,Baden-Württemberg
36,55185.0,64034.01,0,50.0,K0276,Nordrhein-Westfalen
58,52599.0,88810.94,1,47.0,K0954,Sachsen
32,31090.0,59413.64,1,29.0,K0320,Baden-Württemberg
58,59695.0,99547.37,1,43.0,K0077,Bayern
66,73497.0,104863.39,1,47.0,K0618,Baden-Württemberg
49,40198.0,62115.3,1,52.0,K0209,Bayern
37,43760.0,63570.42,1,35.0,K0571,Hessen
68,70277.0,130143.33,1,48.0,K0221,Bayern
56,66786.0,108886.48,1,55.0,K0287,Berlin
47,57545.0,70459.81,1,45.0,K0789,Niedersachsen
48,47153.0,67603.44,0,20.0,K0378,Sachsen
48,30477.0,53902.36,1,29.0,K0244,Niedersachsen
36,47319.0,76696.47,0,43.0,K0140,Sachsen
36,39697.0,60883.05,0,48.0,K0232,Sachsen
40,59298.0,96941.73,1,40.0,K0994,Sachsen
51,88749.0,119134.23,0,64.0,K0494,Bayern
35,51556.0,73467.98,1,46.0,K0631,Bayern
69,82036.0,118543.95,0,52.0,K0372,Berlin
56,69651.0,123769.4,1,54.0,K0709,Baden-Württemberg
62,62114.0,87670.86,1,44.0,K0271,Berlin
37,37168.0,55031.56,1,30.0,K0815,Bayern
31,41983.0,43660.45,1,50.0,K0968,Baden-Württemberg
36,46427.0,57408.1,1,28.0,K1055,Bayern
70,63937.0,121009.5,0,46.0,K0157,Hessen
33,23596.0,44008.34,1,27.0,K0862,Baden-Württemberg
56,67000.0,117255.91,1,63.0,K0964,Baden-Württemberg
56,57640.0,83811.43,0,46.0,K0986,Niedersachsen
65,86078.0,133381.03,0,68.0,K1030,Thüringen
55,62380.0,92302.99,0,64.0,K0465,Niedersachsen
30,49606.0,76579.11,0,34.0,K0079,Baden-Württemberg
32,50330.0,49540.28,1,27.0,K0175,Bayern
32,28303.0,57388.47,0,26.0,K0809,Bayern
64,93624.0,126237.04,1,55.0,K0791,Bayern
64,85374.0,121684.52,1,62.0,K0528,Baden-Württemberg
50,41164.0,74268.93,1,31.0,K0644,Nordrhein-Westfalen
62,80179.0,138650.02,1,56.0,K0332,Niedersachsen
43,44559.0,74144.49,1,22.0,K0040,Sachsen
32,40277.0,42093.26,1,34.0,K0031,Bayern
63,63391.0,105484.64,0,43.0,K0814,Berlin
65,77918.0,104728.1,1,62.0,K0137,Nordrhein-Westfalen
35,53464.0,82821.95,1,41.0,K0055,Bayern
65,58549.0,97388.62,1,38.0,K0812,Baden-Württemberg
34,55070.0,67139.29,0,46.0,K0717,Berlin
60,70296.0,94507.15,1,46.0,K0526,Niedersachsen
50,70355.0,104977.17,0,50.0,K1063,Niedersachsen
51,75335.0,110590.22,0,50.0,K0324,Sachsen
47,48751.0,79984.29,1,43.0,K0632,Berlin
37,48957.0,76412.36,0,36.0,K0004,Bayern
33,35813.0,54223.32,1,31.0,K0431,Bayern
70,90763.0,149827.25,1,74.0,K0505,Sachsen
36,59150.0,63818.75,0,46.0,K1072,Thüringen
30,51957.0,86152.97,1,37.0,K0689,Bayern
66,67768.0,125157.59,1,54.0,K1014,Sachsen
58,65162.0,106934.76,1,56.0,K0261,Bayern
51,54077.0,77842.13,1,48.0,K0200,Berlin
55,68245.0,112358.24,0,52.0,K0059,Baden-Württemberg
60,68926.0,91715.99,1,39.0,K0064,Bayern
67,87538.0,120582.75,1,53.0,K0702,Berlin
44,57008.0,77339.83,0,43.0,K0714,Thüringen
68,62116.0,98786.45,0,44.0,K0366,Hamburg
63,85695.0,114451.46,1,61.0,K0101,Brandenburg
61,65117.0,102799.87,0,49.0,K0169,Bayern
69,63958.0,106491.22,1,42.0,K0540,Nordrhein-Westfalen
51,64228.0,85280.73,0,46.0,K0356,Bayern
53,68587.0,94955.06,0,61.0,K0248,Hamburg
49,66068.0,93925.34,1,51.0,K0569,Berlin
61,74008.0,110730.9,1,62.0,K1074,Hessen
61,91903.0,111764.41,0,60.0,K0389,Sachsen
40,45828.0,93946.55,1,46.0,K1024,Niedersachsen
59,78591.0,121131.95,1,66.0,K1080,Nordrhein-Westfalen
49,74627.0,102198.45,1,65.0,K0887,Bayern
64,86943.0,126122.42,1,68.0,K0480,Thüringen
31,22137.0,38697.44,1,20.0,K1046,Nordrhein-Westfalen
43,70304.0,83886.2,1,52.0,K0067,Thüringen
37,31911.0,49510.98,0,34.0,K0615,Hessen
52,49657.0,89589.3,1,46.0,K0068,Nordrhein-Westfalen
45,57880.0,98898.93,0,44.0,K0245,Nordrhein-Westfalen
69,89082.0,124730.66,1,66.0,K0013,Nordrhein-Westfalen
52,59767.0,90442.28,1,52.0,K0355,Berlin
34,51868.0,87676.29,1,33.0,K0757,Baden-Württemberg
55,62186.0,90301.78,0,38.0,K0463,Niedersachsen
33,45811.0,64066.66,1,40.0,K0297,Berlin
59,66293.0,91936.18,0,44.0,K0637,Baden-Württemberg
51,65955.0,122657.88,0,44.0,K0753,Bayern
30,18515.0,41027.79,1,30.0,K0185,Bayern
49,55986.0,71207.17,1,37.0,K0343,Bayern
61,72725.0,109982.32,1,42.0,K0582,Baden-Württemberg
34,60319.0,77978.88,0,51.0,K0238,Niedersachsen
47,55536.0,76897.16,0,37.0,K0483,Bayern
62,76222.0,107580.68,1,56.0,K1058,Hessen
53,50089.0,90472.38,1,39.0,K0322,Bayern
33,38675.0,56493.4,1,13.0,K0983,Baden-Württemberg
33,35064.0,48350.07,1,39.0,K0925,Berlin
30,42861.0,74561.85,1,42.0,K0772,Baden-Württemberg
54,57917.0,94386.02,1,47.0,K1007,Niedersachsen
64,78797.0,109839.35,1,65.0,K0257,Bayern
59,59443.0,99016.21,0,46.0,K0291,Baden-Württemberg
57,56668.0,95820.3,0,37.0,K0293,Brandenburg
44,48195.0,85705.57,1,29.0,K0003,Hessen
48,44481.0,63604.43,1,30.0,K0007,Nordrhein-Westfalen
40,50097.0,73036.86,0,38.0,K0902,Hamburg
69,74462.0,110415.92,1,36.0,K0391,Berlin
69,88545.0,130019.9,1,58.0,K1085,Bayern
60,89512.0,145466.52,1,59.0,K0319,Nordrhein-Westfalen
31,37149.0,65317.0,1,29.0,K0886,Hamburg
66,77961.0,121393.97,0,40.0,K0963,Niedersachsen
31,56282.0,81611.9,0,43.0,K0883,Thüringen
61,72965.0,117298.71,0,52.0,K0216,Bayern
45,82896.0,116749.66,1,53.0,K0266,Thüringen
38,44329.0,48028.91,0,29.0,K0534,Hessen
65,80375.0,121858.27,1,64.0,K0874,Niedersachsen
30,55132.0,74760.4,0,55.0,K0597,Nordrhein-Westfalen
41,53816.0,68749.31,1,34.0,K0446,Baden-Württemberg
61,82624.0,134755.8,1,59.0,K1100,Berlin
55,75863.0,96369.11,1,60.0,K0763,Hessen
46,67111.0,93112.35,1,55.0,K0658,Hessen
57,78848.0,122846.97,1,59.0,K0300,Sachsen
68,66119.0,107741.21,0,59.0,K0799,Brandenburg
57,73224.0,94361.83,1,49.0,K0617,Berlin
35,20317.0,60372.24,0,24.0,K0368,Hessen
44,42754.0,69418.9,0,35.0,K0894,Berlin
43,33444.0,63707.22,1,36.0,K0347,Nordrhein-Westfalen
30,47328.0,72459.7,0,45.0,K0429,Nordrhein-Westfalen
63,88113.0,123910.94,1,72.0,K0705,Baden-Württemberg
54,53037.0,88479.15,1,44.0,K0026,Nordrhein-Westfalen
60,94859.0,138156.74,1,61.0,K0425,Hessen
60,66507.0,103384.25,1,41.0,K0975,Niedersachsen
65,45863.0,88037.39,0,47.0,K1011,Brandenburg
37,28037.0,37558.95,0,24.0,K0980,Brandenburg
69,89976.0,129284.1,1,71.0,K0107,Bayern
33,69142.0,107174.44,1,52.0,K0056,Hessen
66,86491.0,127825.69,1,59.0,K0381,Nordrhein-Westfalen
48,66286.0,88275.44,1,38.0,K0214,Niedersachsen
56,67292.0,90615.29,1,54.0,K0121,Bayern
52,43463.0,57784.07,1,26.0,K0881,Brandenburg
36,57337.0,95615.03,0,53.0,K0553,Berlin
53,54940.0,82628.47,1,45.0,K0073,Berlin
42,44277.0,67064.45,1,39.0,K0629,Nordrhein-Westfalen
31,38149.0,46875.9,1,43.0,K0353,Nordrhein-Westfalen
38,57891.0,73104.4,1,38.0,K0508,Bayern
44,56488.0,99913.03,1,39.0,K0850,Bayern
57,66341.0,85104.71,0,38.0,K0627,Nordrhein-Westfalen
62,79285.0,121004.55,1,49.0,K0443,Nordrhein-Westfalen
53,62592.0,93932.46,1,48.0,K0307,Baden-Württemberg
63,60374.0,92221.35,1,38.0,K0352,Baden-Württemberg
44,63671.0,102706.73,0,48.0,K0775,Nordrhein-Westfalen
68,69381.0,102303.37,1,45.0,K0524,Berlin
66,74011.0,116589.56,1,56.0,K0696,Baden-Württemberg
51,63650.0,95477.5,1,54.0,K1069,Baden-Württemberg
62,73034.0,104459.86,1,38.0,K0579,Thüringen
60,51150.0,94420.15,1,38.0,K0309,Baden-Württemberg
38,45935.0,76303.93,0,49.0,K0478,Brandenburg
39,45873.0,75731.69,1,47.0,K0061,Hessen
37,38116.0,77480.16,0,29.0,K0606,Nordrhein-Westfalen
34,52606.0,83864.29,1,42.0,K0093,Bayern
33,35069.0,43110.27,0,29.0,K0719,Berlin
43,56948.0,67634.12,1,35.0,K0923,Berlin
31,30362.0,34904.28,0,31.0,K0783,Niedersachsen
51,68806.0,98128.97,0,61.0,K0281,Sachsen
62,86770.0,112809.13,1,63.0,K0825,Berlin
63,83693.0,119357.7,1,70.0,K0424,Bayern
37,56641.0,59783.06,0,50.0,K0345,Bayern
61,60160.0,100767.22,1,53.0,K0183,Baden-Württemberg
34,46577.0,71156.2,1,30.0,K0544,Hessen
60,62903.0,125573.59,1,47.0,K0838,Brandenburg
30,34125.0,46414.4,1,30.0,K0111,Nordrhein-Westfalen
43,50963.0,76275.31,0,34.0,K0405,Thüringen
32,38008.0,59823.29,1,17.0,K0598,Berlin
41,53363.0,75926.68,1,38.0,K0533,Brandenburg
53,47966.0,73902.32,1,39.0,K0486,Nordrhein-Westfalen
32,45461.0,69182.41,1,36.0,K0742,Niedersachsen
47,55494.0,83850.57,0,38.0,K0928,Baden-Württemberg
47,55524.0,67983.37,0,41.0,K0262,Bayern
70,67872.0,114545.55,0,44.0,K0495,Baden-Württemberg
30,54381.0,83223.78,1,42.0,K0550,Thüringen
63,66597.0,83837.24,0,40.0,K0727,Baden-Württemberg
55,60489.0,105741.8,1,47.0,K1003,Bayern
42,53324.0,79456.84,1,38.0,K0138,Baden-Württemberg
60,60911.0,97769.6,0,52.0,K0596,Baden-Württemberg
62,74323.0,103270.9,1,46.0,K0363,Berlin
67,73888.0,111202.84,1,51.0,K0896,Baden-Württemberg
64,72974.0,106325.73,1,36.0,K0653,Thüringen
39,39225.0,83313.68,1,29.0,K0667,Niedersachsen
50,57036.0,95823.72,1,40.0,K0671,Hessen
44,52043.0,72895.13,1,42.0,K0030,Sachsen
53,49798.0,61329.51,1,39.0,K0166,Nordrhein-Westfalen
62,96569.0,140745.65,0,80.0,K0249,Bayern
58,59308.0,73667.3,0,50.0,K0308,Hamburg
43,50456.0,88108.0,1,34.0,K0785,Bayern
48,61627.0,82405.97,1,53.0,K0669,Nordrhein-Westfalen
64,63436.0,95562.13,0,45.0,K0337,Baden-Württemberg
30,55391.0,61951.79,0,39.0,K0868,Brandenburg
38,54535.0,79772.26,1,49.0,K0765,Nordrhein-Westfalen
58,49680.0,77792.44,0,43.0,K0452,Sachsen
41,39800.0,79421.65,1,45.0,K0410,Niedersachsen
42,41390.0,58786.52,1,34.0,K0675,Hamburg
50,69342.0,115292.51,0,42.0,K0583,Niedersachsen
37,66398.0,101131.52,1,46.0,K0066,Nordrhein-Westfalen
42,59171.0,85183.22,1,52.0,K0491,Baden-Württemberg
41,42509.0,61738.05,0,37.0,K0984,Baden-Württemberg
34,24811.0,57541.73,1,12.0,K0395,Hamburg
69,76932.0,133380.54,1,48.0,K0255,Bayern
51,48813.0,52577.91,0,28.0,K0800,Sachsen
61,49390.0,85180.08,0,33.0,K0313,Thüringen
30,50998.0,95539.65,1,38.0,K0888,Baden-Württemberg
47,55841.0,70169.26,1,60.0,K0222,Baden-Württemberg
30,24933.0,40285.18,0,26.0,K0236,Hamburg
57,58882.0,80802.02,1,48.0,K0436,Berlin
41,49499.0,77389.91,1,34.0,K0602,Hamburg
66,82969.0,138621.96,0,62.0,K0306,Hessen
53,44034.0,69020.15,1,40.0,K0479,Hamburg
62,65422.0,113261.61,1,48.0,K0650,Bayern
56,84320.0,104544.82,1,62.0,K1049,Baden-Württemberg
53,63121.0,82460.27,0,49.0,K0250,Nordrhein-Westfalen
39,40699.0,66612.75,1,34.0,K1038,Niedersachsen
45,45230.0,91201.91,0,32.0,K0584,Nordrhein-Westfalen
47,56068.0,88529.55,1,52.0,K0072,Hamburg
70,94606.0,139830.32,1,58.0,K0095,Berlin
50,47571.0,83365.24,0,39.0,K0034,Baden-Württemberg
39,54801.0,84900.44,0,42.0,K0722,Baden-Württemberg
54,55785.0,90085.01,1,38.0,K0260,Berlin
35,32553.0,66814.09,0,19.0,K0205,Nordrhein-Westfalen
55,65084.0,104045.73,1,38.0,K0778,Baden-Württemberg
52,61228.0,81411.98,0,55.0,K0694,Nordrhein-Westfalen
59,78492.0,122336.16,1,56.0,K0768,Berlin
44,46659.0,87048.58,1,36.0,K0078,Bayern
37,48042.0,54313.59,1,36.0,K0085,Nordrhein-Westfalen
36,60066.0,78126.13,1,36.0,K1064,Baden-Württemberg
53,58050.0,78625.3,1,37.0,K0083,Niedersachsen
35,48079.0,65670.65,0,39.0,K0828,Niedersachsen
34,29899.0,45878.08,0,24.0,K0527,Bayern
61,56063.0,98148.54,1,44.0,K0679,Berlin
48,34459.0,44237.57,1,43.0,K0922,Hessen
45,47515.0,66554.21,0,40.0,K0434,Niedersachsen
61,68022.0,77134.04,1,67.0,K0428,Nordrhein-Westfalen
46,54548.0,100672.01,1,58.0,K0536,Nordrhein-Westfalen
57,65801.0,110519.86,0,41.0,K0351,Niedersachsen
36,36269.0,49092.44,0,37.0,K0951,Nordrhein-Westfalen
68,93315.0,141822.38,1,69.0,K0006,Baden-Württemberg
62,100769.0,125018.41,0,71.0,K0311,Niedersachsen
37,55129.0,73887.77,1,53.0,K0549,Nordrhein-Westfalen
66,62843.0,113812.63,1,53.0,K0105,Berlin
38,47861.0,66834.88,0,37.0,K0098,Hessen
45,46099.0,84552.86,0,41.0,K0605,Sachsen
55,64604.0,69621.64,0,38.0,K0869,Berlin
62,81002.0,115409.9,1,54.0,K0315,Bayern
45,46082.0,78379.94,0,34.0,K0514,Hamburg
58,75531.0,94646.93,1,50.0,K1059,Niedersachsen
43,37376.0,63383.29,1,42.0,K0063,Hessen
51,57821.0,93565.3,1,43.0,K0282,Nordrhein-Westfalen
46,44038.0,72625.61,1,34.0,K0723,Hessen
70,84497.0,116193.41,1,69.0,K0267,Baden-Württemberg
56,55688.0,94116.03,0,49.0,K0561,Nordrhein-Westfalen
66,65063.0,106463.24,1,56.0,K0239,Nordrhein-Westfalen
34,53286.0,57023.34,1,40.0,K0430,Bayern
57,42006.0,50508.57,0,32.0,K0146,Hessen
52,58873.0,80225.35,1,39.0,K1031,Bayern
63,73099.0,118236.17,1,51.0,K0651,Bayern
38,33873.0,56924.35,0,28.0,K0623,Bayern
43,43130.0,61803.14,0,35.0,K0119,Hessen
33,43936.0,78850.36,1,45.0,K0676,Berlin
34,39614.0,56174.25,1,26.0,K0515,Hessen
40,46710.0,77768.25,0,38.0,K0251,Berlin
30,45508.0,64916.89,1,38.0,K1073,Bayern
37,38717.0,56575.12,0,34.0,K0286,Bayern
66,98881.0,131352.24,1,64.0,K0546,Sachsen
40,43750.0,67687.0,1,28.0,K0010,Berlin
52,67475.0,93897.2,1,37.0,K0458,Niedersachsen
34,43470.0,70250.0,1,41.0,K0197,Nordrhein-Westfalen
40,39921.0,65687.09,1,45.0,K0731,Nordrhein-Westfalen
64,90952.0,116583.47,0,61.0,K0371,Nordrhein-Westfalen
38,46715.0,101650.7,1,50.0,K0082,Baden-Württemberg
54,75271.0,122250.09,1,60.0,K0390,Brandenburg
52,63079.0,100733.46,1,46.0,K0529,Hessen
48,63876.0,90833.08,1,51.0,K0590,Bayern
48,54835.0,73324.94,1,52.0,K1086,Brandenburg
49,69396.0,86666.48,0,52.0,K0993,Berlin
61,79130.0,106664.4,1,49.0,K0240,Thüringen
50,32462.0,65554.28,1,30.0,K0414,Brandenburg
55,54760.0,86038.6,0,45.0,K0212,Bayern
34,24264.0,22580.44,1,19.0,K0859,Berlin
68,59013.0,87209.72,0,52.0,K0701,Nordrhein-Westfalen
42,52370.0,74270.35,0,48.0,K0576,Bayern
52,90021.0,124563.89,1,64.0,K0228,Thüringen
58,80881.0,102290.11,1,33.0,K1019,Baden-Württemberg
56,68794.0,108744.79,1,57.0,K0621,Sachsen
52,53837.0,64750.35,1,22.0,K0487,Hamburg
35,48208.0,78096.44,1,50.0,K0948,Nordrhein-Westfalen
31,45328.0,68156.01,0,39.0,K0178,Hessen
70,82041.0,106587.98,1,44.0,K1067,Baden-Württemberg
42,34792.0,71876.74,1,27.0,K0539,Niedersachsen
58,73853.0,97928.13,1,50.0,K0136,Baden-Württemberg
64,81163.0,124639.62,0,60.0,K0589,Nordrhein-Westfalen
69,79059.0,115211.31,0,53.0,K0450,Niedersachsen
39,39831.0,56301.97,1,41.0,K0808,Nordrhein-Westfalen
39,37905.0,61717.86,1,32.0,K1101,Hessen
52,60315.0,106359.99,1,40.0,K0008,Berlin
61,64831.0,113585.7,0,35.0,K0437,Hessen
42,63657.0,84814.32,1,40.0,K0156,Hessen
44,14547.0,28960.3,1,29.0,K0708,Nordrhein-Westfalen
51,55866.0,84704.04,0,35.0,K0358,Baden-Württemberg
55,56358.0,105656.62,0,49.0,K0645,Hamburg
30,49623.0,65451.53,1,42.0,K0224,Nordrhein-Westfalen
46,67067.0,88579.71,1,45.0,K0330,Thüringen
43,49162.0,84864.12,0,43.0,K0594,Thüringen
31,33788.0,67174.26,0,28.0,K0543,Nordrhein-Westfalen
69,87922.0,120453.26,0,54.0,K0929,Niedersachsen
33,51920.0,54310.26,0,38.0,K0555,Baden-Württemberg
37,45690.0,64971.82,1,34.0,K0683,Baden-Württemberg
61,64150.0,91908.79,0,47.0,K0747,Niedersachsen
31,19138.0,21471.65,0,37.0,K0845,Sachsen
55,79452.0,117307.67,1,49.0,K0990,Bayern
50,42001.0,69941.72,1,29.0,K0697,Bayern
49,63355.0,111931.58,1,45.0,K1066,Berlin
67,73998.0,111198.78,1,55.0,K0704,Berlin
60,61297.0,89077.09,1,39.0,K0558,Baden-Württemberg
69,75241.0,128050.39,1,44.0,K0932,Nordrhein-Westfalen
56,79198.0,85437.96,1,54.0,K1051,Nordrhein-Westfalen
41,53509.0,90805.35,0,37.0,K0441,Bayern
46,64863.0,101644.17,0,45.0,K1052,Nordrhein-Westfalen
57,76586.0,104976.08,1,45.0,K0847,Hamburg
55,68214.0,75900.15,0,47.0,K0801,Niedersachsen
66,67497.0,117195.91,1,55.0,K0164,Nordrhein-Westfalen
60,49925.0,84170.57,0,39.0,K0229,Bayern
36,48447.0,90879.99,1,45.0,K0786,Brandenburg
40,46664.0,59309.97,1,36.0,K0873,Hessen
32,43819.0,57548.45,1,47.0,K0213,Sachsen
66,88070.0,129089.55,1,53.0,K0915,Bayern
54,54712.0,92084.38,1,35.0,K0080,Hessen
40,53774.0,90227.44,1,37.0,K0149,Bayern
35,44671.0,58157.49,1,34.0,K0303,Baden-Württemberg
63,47767.0,81512.67,0,53.0,K0761,Hamburg
39,46774.0,93641.06,1,40.0,K0995,Nordrhein-Westfalen
33,52554.0,60796.8,0,34.0,K0738,Niedersachsen
58,63385.0,93077.19,0,41.0,K0718,Baden-Württemberg
49,63769.0,88665.28,1,41.0,K0044,Sachsen
39,36057.0,73098.28,1,32.0,K0969,Nordrhein-Westfalen
68,80664.0,122681.63,0,63.0,K0134,Baden-Württemberg
66,62298.0,88092.7,1,53.0,K0666,Thüringen
58,48730.0,87338.42,1,34.0,K0746,Baden-Württemberg
52,60428.0,102443.11,0,43.0,K0600,Berlin
50,53438.0,81140.06,1,50.0,K0312,Brandenburg
34,25640.0,59338.04,0,27.0,K0409,Hamburg
52,59873.0,76854.89,1,39.0,K1077,Niedersachsen
34,47144.0,76527.76,1,50.0,K0970,Bayern
69,62333.0,123546.58,0,32.0,K0678,Berlin
54,64833.0,93686.46,1,54.0,K0940,Bayern
58,68532.0,86666.09,0,51.0,K0979,Hamburg
39,35523.0,54246.76,1,36.0,K0971,Baden-Württemberg
68,89437.0,114481.9,1,62.0,K0001,Sachsen
65,73513.0,119578.06,1,43.0,K0423,Baden-Württemberg
44,51181.0,83060.06,1,33.0,K0361,Niedersachsen
52,59011.0,88150.0,1,45.0,K0383,Berlin
47,60557.0,96808.99,0,49.0,K0317,Nordrhein-Westfalen
54,43811.0,77794.39,1,45.0,K0926,Nordrhein-Westfalen
39,45332.0,77782.69,0,24.0,K0476,Baden-Württemberg
49,56231.0,67307.08,0,33.0,K0846,Nordrhein-Westfalen
62,67502.0,104564.5,1,43.0,K0965,Sachsen
58,64297.0,110338.33,1,56.0,K0530,Bayern
31,31976.0,45789.83,1,33.0,K0635,Nordrhein-Westfalen
46,46549.0,62984.61,0,43.0,K1065,Berlin
51,56496.0,78599.02,1,49.0,K0141,Niedersachsen
68,57238.0,84306.46,1,54.0,K0173,Berlin
39,28981.0,67912.67,1,28.0,K0451,Berlin
42,49536.0,62506.44,0,39.0,K0126,Bayern
56,61743.0,100812.37,1,41.0,K0542,Berlin
39,31451.0,41728.39,1,27.0,K0562,Sachsen
34,41276.0,53961.89,1,33.0,K0661,Sachsen
47,48752.0,78207.23,0,38.0,K1048,Bayern
64,63338.0,92846.99,1,39.0,K0091,Bayern
57,68664.0,118552.48,0,58.0,K1070,Niedersachsen
66,83118.0,113976.31,0,67.0,K0182,Sachsen
37,54403.0,53690.36,0,47.0,K0364,Brandenburg
48,58620.0,95311.77,1,52.0,K0559,Hessen
37,44398.0,57851.21,0,39.0,K0275,Brandenburg
53,47554.0,85424.37,1,37.0,K0835,Niedersachsen
37,42600.0,65540.55,0,25.0,K0252,Nordrhein-Westfalen
50,59505.0,78150.23,0,37.0,K0070,Sachsen
62,47766.0,91150.03,1,47.0,K0292,Sachsen
66,73170.0,109500.77,0,54.0,K0132,Baden-Württemberg
59,81225.0,111772.36,1,57.0,K0301,Nordrhein-Westfalen
42,47660.0,69281.41,0,46.0,K0567,Baden-Württemberg
56,45484.0,68018.6,1,35.0,K0327,Bayern
40,33908.0,69238.65,1,45.0,K0848,Bayern
57,65311.0,87351.94,1,47.0,K0145,Nordrhein-Westfalen
51,59485.0,96388.95,0,49.0,K0500,Nordrhein-Westfalen
41,50613.0,81875.89,1,35.0,K0905,Bayern
30,47053.0,85990.12,1,39.0,K1095,Bayern
59,69178.0,80282.57,1,48.0,K0496,Brandenburg
53,62497.0,95797.57,1,47.0,K0339,Bayern
42,58398.0,86430.54,1,38.0,K0804,Bayern
62,84681.0,115423.31,0,50.0,K0165,Hamburg
45,47574.0,87328.47,1,33.0,K0029,Nordrhein-Westfalen
41,46486.0,79483.05,1,40.0,K0517,Baden-Württemberg
46,58938.0,78516.69,1,57.0,K0194,Nordrhein-Westfalen
46,37812.0,67614.67,1,39.0,K0693,Nordrhein-Westfalen
53,70392.0,89785.65,1,59.0,K0170,Bayern
45,45742.0,83874.88,0,39.0,K0599,Thüringen
31,39454.0,65981.74,1,39.0,K0174,Bayern
50,57994.0,93543.59,1,49.0,K0519,Baden-Württemberg
67,79290.0,122565.05,1,46.0,K0853,Thüringen
47,45296.0,69529.36,0,40.0,K0592,Sachsen
52,66942.0,90579.78,0,50.0,K0492,Niedersachsen
55,63491.0,115135.5,1,39.0,K0074,Berlin
66,65032.0,96232.71,1,53.0,K0920,Nordrhein-Westfalen
31,60920.0,92362.74,0,49.0,K0235,Bayern
49,67407.0,96728.92,1,49.0,K0215,Nordrhein-Westfalen
54,60464.0,79245.06,0,55.0,K0793,Baden-Württemberg
52,80319.0,124885.27,0,51.0,K0133,Baden-Württemberg
57,75502.0,112788.96,1,61.0,K0616,Baden-Württemberg
52,50014.0,86755.55,1,38.0,K0788,Berlin
48,31841.0,58334.15,1,28.0,K0186,Brandenburg
55,54161.0,104859.86,1,36.0,K0042,Nordrhein-Westfalen
56,74257.0,110427.22,0,49.0,K0109,Baden-Württemberg
62,60595.0,101207.94,0,36.0,K0712,Sachsen
67,89170.0,123408.48,1,76.0,K1093,Hamburg
42,45845.0,97820.78,1,42.0,K0875,Baden-Württemberg
68,89120.0,135200.0,0,55.0,K0484,Berlin
33,49726.0,71847.89,1,41.0,K0469,Thüringen
51,50677.0,83785.2,0,34.0,K0025,Niedersachsen
55,66128.0,117054.79,0,43.0,K0924,Berlin
51,68102.0,101089.53,1,52.0,K0910,Nordrhein-Westfalen
53,80451.0,112949.61,1,58.0,K0895,Hamburg
30,30285.0,49774.03,1,22.0,K0908,Nordrhein-Westfalen
33,45996.0,70449.86,1,29.0,K0367,Brandenburg
66,78982.0,116107.59,1,45.0,K0794,Bayern
38,33666.0,50494.07,1,13.0,K0384,Nordrhein-Westfalen
60,70713.0,93794.62,0,48.0,K0455,Brandenburg
64,79102.0,120716.52,1,54.0,K0265,Nordrhein-Westfalen
43,56035.0,83116.94,1,51.0,K0781,Bayern
70,90512.0,133444.42,1,56.0,K0818,Bayern
66,82404.0,113241.16,0,55.0,K0445,Nordrhein-Westfalen
51,62402.0,106473.29,1,55.0,K0396,Nordrhein-Westfalen
46,62212.0,81404.44,1,42.0,K0177,Nordrhein-Westfalen
59,72303.0,101687.09,0,44.0,K0019,Bayern
44,44135.0,90278.48,1,50.0,K0595,Sachsen
49,62203.0,85122.57,1,43.0,K0724,Hessen
65,65989.0,102710.38,1,44.0,K0062,Nordrhein-Westfalen
50,59828.0,87813.11,0,46.0,K0273,Baden-Württemberg
38,47762.0,72194.21,1,39.0,K1037,Thüringen
62,56784.0,80874.62,0,38.0,K0279,Niedersachsen
59,64556.0,115909.26,1,52.0,K0707,Bayern
61,72628.0,107586.29,0,43.0,K0369,Niedersachsen
32,26860.0,37058.29,0,26.0,K0744,Berlin
44,49072.0,68862.67,1,43.0,K0978,Bayern
35,48297.0,62369.93,1,37.0,K0823,Baden-Württemberg
48,60494.0,85749.76,1,39.0,K0548,Nordrhein-Westfalen
37,41869.0,62593.9,1,29.0,K0737,Bayern
30,45604.0,69872.12,1,35.0,K0756,Bayern
64,74222.0,108488.51,1,50.0,K0457,Bayern
68,72078.0,93935.85,1,51.0,K0394,Baden-Württemberg
59,65278.0,91121.52,1,42.0,K0831,Nordrhein-Westfalen
47,46708.0,70719.18,1,31.0,K1006,Nordrhein-Westfalen
48,47062.0,79825.38,0,34.0,K0376,Baden-Württemberg
55,66738.0,120215.5,1,52.0,K0413,Nordrhein-Westfalen
54,56229.0,97038.57,0,40.0,K0075,Nordrhein-Westfalen
69,76330.0,120784.01,1,47.0,K1033,Sachsen
42,53660.0,77862.18,1,37.0,K0501,Bayern
30,31727.0,62658.18,0,20.0,K0674,Berlin
32,42406.0,45125.2,1,39.0,K0115,Nordrhein-Westfalen
59,64816.0,102801.02,1,54.0,K0418,Baden-Württemberg
64,83452.0,133180.7,1,62.0,K0090,Niedersachsen
53,77106.0,111716.45,1,51.0,K1057,Nordrhein-Westfalen
54,43162.0,81298.0,1,34.0,K0499,Niedersachsen
45,42110.0,67204.52,1,33.0,K0733,Baden-Württemberg
33,27264.0,49485.54,1,15.0,K0740,Brandenburg
65,73235.0,115599.05,0,40.0,K0012,Baden-Württemberg
58,70268.0,103403.43,1,48.0,K0397,Nordrhein-Westfalen
39,35011.0,57408.01,0,32.0,K0668,Sachsen
69,61320.0,113385.31,1,50.0,K0946,Hessen
31,26047.0,63491.25,1,24.0,K0043,Baden-Württemberg
61,76325.0,116425.9,1,45.0,K0168,Sachsen
62,84673.0,118973.65,1,57.0,K0417,Brandenburg
57,77726.0,125762.16,0,56.0,K0577,Thüringen
63,80199.0,138366.29,0,70.0,K0904,Baden-Württemberg
48,77759.0,130352.49,0,42.0,K0427,Baden-Württemberg
58,63366.0,104762.36,1,49.0,K0545,Baden-Württemberg
44,62396.0,94641.94,0,43.0,K1034,Niedersachsen
45,45825.0,80681.1,1,42.0,K1084,Baden-Württemberg
35,35242.0,63070.96,1,34.0,K0844,Baden-Württemberg
54,72410.0,117491.52,1,53.0,K0741,Sachsen
54,49596.0,68169.84,0,40.0,K0258,Hamburg
55,50959.0,88240.21,1,46.0,K0336,Niedersachsen
51,47883.0,90273.18,1,45.0,K0016,Berlin
70,89117.0,128700.13,0,63.0,K0758,Baden-Württemberg
52,66602.0,98756.07,1,45.0,K0325,Bayern
40,56643.0,96334.06,0,35.0,K0913,Baden-Württemberg
64,92461.0,105443.46,1,66.0,K0906,Nordrhein-Westfalen
69,83089.0,136022.46,1,42.0,K0223,Bayern
57,75347.0,111539.65,0,49.0,K0180,Berlin
41,63780.0,90449.48,0,47.0,K0100,Niedersachsen
45,38876.0,78038.11,1,45.0,K0522,Nordrhein-Westfalen
62,75575.0,124516.56,1,50.0,K0023,Nordrhein-Westfalen
54,51135.0,95898.4,1,36.0,K0357,Nordrhein-Westfalen
54,71828.0,99915.01,0,54.0,K0802,Nordrhein-Westfalen
52,58284.0,93481.79,1,43.0,K1025,Nordrhein-Westfalen
57,62292.0,99289.0,1,46.0,K0612,Nordrhein-Westfalen
69,85191.0,134143.64,0,55.0,K1071,Nordrhein-Westfalen
36,28194.0,33483.78,0,33.0,K0341,Baden-Württemberg
45,45178.0,70342.95,0,43.0,K0432,Sachsen
59,70484.0,107496.17,0,58.0,K0852,Brandenburg
56,79765.0,117216.16,1,59.0,K0991,Niedersachsen
38,38681.0,65930.74,1,36.0,K0204,Nordrhein-Westfalen
55,53760.0,93912.15,0,33.0,K0760,Bayern
68,83716.0,125611.48,0,53.0,K0094,Bayern
55,62026.0,79649.63,0,61.0,K1039,Baden-Württemberg
69,71612.0,116360.51,1,42.0,K0069,Berlin
47,60658.0,87172.44,0,39.0,K0751,Hessen
67,87141.0,147149.94,0,65.0,K0285,Berlin
51,66558.0,115445.45,1,54.0,K1060,Sachsen
31,28390.0,59963.88,0,29.0,K0435,Baden-Württemberg
30,14993.0,33678.17,0,34.0,K0154,Baden-Württemberg
70,86939.0,132147.29,0,67.0,K0076,Hamburg
32,43734.0,49055.81,0,34.0,K0876,Nordrhein-Westfalen
35,39852.0,63972.97,1,35.0,K0581,Bayern
32,30856.0,27934.83,1,18.0,K0447,Nordrhein-Westfalen
61,73383.0,105062.59,0,49.0,K0189,Baden-Württemberg
43,54023.0,67446.84,1,36.0,K0272,Sachsen
41,62190.0,72016.19,1,46.0,K0237,Baden-Württemberg
61,72690.0,101692.85,0,55.0,K0488,Hessen
49,56341.0,83125.26,1,45.0,K1068,Baden-Württemberg
68,76627.0,106279.31,1,59.0,K0560,Nordrhein-Westfalen
55,51515.0,78247.78,0,51.0,K0118,Thüringen
42,44684.0,87308.31,0,39.0,K0884,Baden-Württemberg
62,79791.0,101275.87,0,48.0,K0972,Nordrhein-Westfalen
48,67677.0,94002.32,1,42.0,K0513,Baden-Württemberg
54,42499.0,75331.36,1,45.0,K0634,Sachsen
67,94092.0,135212.01,1,63.0,K0662,Bayern
65,59789.0,96988.98,1,45.0,K0959,Niedersachsen
59,68591.0,85536.41,1,50.0,K0715,Berlin
61,83098.0,116002.86,1,53.0,K0127,Baden-Württemberg
34,39181.0,41898.43,0,39.0,K0117,Baden-Württemberg
50,65573.0,99556.57,1,40.0,K0474,Bayern
35,58918.0,82500.37,1,57.0,K0829,Nordrhein-Westfalen
47,57101.0,79106.97,1,43.0,K0058,Sachsen
61,63590.0,86929.76,0,34.0,K0604,Baden-Württemberg
70,68456.0,111312.94,1,51.0,K0810,Nordrhein-Westfalen
57,81401.0,113014.09,1,49.0,K0657,Bayern
41,49301.0,68579.84,1,49.0,K0759,Nordrhein-Westfalen
64,75171.0,112055.97,1,53.0,K0106,Nordrhein-Westfalen
39,45869.0,80389.23,1,32.0,K0636,Baden-Württemberg
59,55669.0,84097.56,0,31.0,K0370,Baden-Württemberg
62,63275.0,110109.58,1,38.0,K0269,Bayern
35,51440.0,76009.29,0,50.0,K0656,Nordrhein-Westfalen
37,45467.0,75752.08,1,43.0,K0047,Niedersachsen
44,47183.0,70636.85,1,34.0,K0350,Baden-Württemberg
53,70100.0,107089.66,1,54.0,K0196,Hessen
52,69175.0,103778.57,1,54.0,K0103,Hessen
34,16069.0,36929.31,0,20.0,K0992,Nordrhein-Westfalen
68,54974.0,83002.22,1,42.0,K0947,Nordrhein-Westfalen
43,58063.0,93120.95,1,45.0,K0916,Baden-Württemberg
39,42008.0,69244.54,0,45.0,K0882,Baden-Württemberg
31,31826.0,61856.99,0,20.0,K0264,Baden-Württemberg
57,66921.0,95988.37,0,57.0,K1062,Bayern
62,84548.0,110128.73,1,58.0,K0444,Bayern
47,69003.0,102390.57,0,46.0,K0811,Baden-Württemberg
35,40901.0,66275.03,1,49.0,K0878,Sachsen
70,84543.0,128417.08,1,60.0,K0305,Baden-Württemberg
65,88138.0,123538.59,0,58.0,K0342,Baden-Württemberg
41,38996.0,66237.4,0,28.0,K1002,Bayern
52,68820.0,88926.82,0,45.0,K0314,Nordrhein-Westfalen
57,57191.0,96831.38,0,53.0,K0150,Hessen
55,67004.0,114150.05,1,51.0,K0125,Hamburg
52,66760.0,103242.45,1,45.0,K0937,Bayern
53,53504.0,98914.66,1,42.0,K0977,Nordrhein-Westfalen
66,82882.0,127752.43,0,56.0,K0665,Nordrhein-Westfalen
65,70352.0,92584.18,0,49.0,K0051,Sachsen
61,65481.0,95229.38,1,44.0,K0354,Bayern
55,51720.0,98714.27,1,34.0,K1061,Niedersachsen
31,36296.0,35482.61,0,31.0,K0143,Nordrhein-Westfalen
58,65705.0,102678.3,0,57.0,K0471,Sachsen
30,23521.0,24543.56,1,24.0,K0654,Berlin
55,67168.0,95526.72,0,57.0,K0400,Bayern
50,59847.0,95607.73,1,43.0,K0754,Nordrhein-Westfalen
69,69084.0,107414.81,1,41.0,K0321,Thüringen
67,78468.0,123598.99,0,47.0,K0020,Baden-Württemberg
55,77056.0,118343.37,1,54.0,K0685,Bayern
62,80910.0,108522.61,0,59.0,K0962,Bayern
46,46834.0,71854.37,1,47.0,K0941,Baden-Württemberg
37,50552.0,83913.36,1,45.0,K0999,Hessen
59,79812.0,112833.38,1,50.0,K0408,Sachsen
36,41243.0,55677.0,1,31.0,K0538,Hamburg
44,39771.0,72076.48,1,32.0,K0953,Baden-Württemberg
33,57513.0,62722.06,0,44.0,K0966,Bayern
51,61857.0,104214.07,1,52.0,K0039,Baden-Württemberg
66,61785.0,108131.17,0,52.0,K0176,Sachsen
32,40729.0,54787.08,1,33.0,K0246,Baden-Württemberg
31,30097.0,59710.03,1,26.0,K0985,Hessen
46,47322.0,73162.63,1,34.0,K0803,Baden-Württemberg
43,35922.0,51533.78,0,27.0,K0901,Hessen
54,85929.0,129836.57,1,66.0,K1054,Hessen
56,73496.0,94040.73,0,47.0,K0155,Niedersachsen
62,76582.0,124774.93,0,61.0,K0639,Bayern
32,45882.0,78435.1,1,45.0,K0663,Baden-Württemberg
56,58547.0,99077.0,0,60.0,K0288,Berlin
42,56364.0,66173.96,1,50.0,K0626,Nordrhein-Westfalen
63,66387.0,112799.7,0,44.0,K0686,Niedersachsen
34,43401.0,58491.97,1,36.0,K0880,Baden-Württemberg
57,40164.0,77779.65,0,46.0,K0570,Hessen
38,35130.0,52189.58,1,51.0,K0890,Hessen
53,55741.0,83296.61,0,41.0,K0018,Berlin
68,93769.0,137923.28,1,42.0,K0128,Bayern
61,67757.0,107610.75,0,47.0,K0323,Nordrhein-Westfalen
49,35194.0,65668.36,1,28.0,K0256,Nordrhein-Westfalen
67,91461.0,131748.07,1,66.0,K0790,Berlin
47,40566.0,54913.08,0,30.0,K1087,Hamburg
61,68606.0,99514.15,1,41.0,K0191,Bayern
30,45256.0,62326.68,1,37.0,K0116,Bayern
58,60549.0,95376.05,0,44.0,K1081,Nordrhein-Westfalen
34,40849.0,60157.5,1,36.0,K1013,Bayern
67,80824.0,132575.6,1,52.0,K0607,Baden-Württemberg
52,63832.0,84810.82,0,35.0,K0181,Berlin
58,48580.0,77722.17,1,32.0,K0302,Baden-Württemberg
64,71888.0,108277.84,0,49.0,K0907,Baden-Württemberg
31,29275.0,51628.74,1,30.0,K0854,Hessen
41,39563.0,78550.75,1,39.0,K0867,Baden-Württemberg
55,59442.0,88964.7,1,36.0,K0821,Sachsen
68,67429.0,100668.95,0,54.0,K0797,Bayern
54,71244.0,92301.85,1,51.0,K0518,Baden-Württemberg
45,50903.0,79988.48,1,52.0,K0373,Baden-Württemberg
36,69703.0,86119.52,0,50.0,K0046,Niedersachsen
66,76920.0,113661.11,1,53.0,K0477,Hamburg
32,52664.0,72598.33,1,53.0,K0158,Baden-Württemberg
46,58260.0,104933.18,1,43.0,K0891,Bayern
41,59921.0,111734.31,0,40.0,K0172,Nordrhein-Westfalen
31,42377.0,69094.76,1,31.0,K0017,Bayern
60,64260.0,95392.37,0,33.0,K0512,Hessen
43,42342.0,66374.97,1,37.0,K0049,Thüringen
33,30037.0,62787.47,1,28.0,K0192,Baden-Württemberg
52,84942.0,110785.84,1,49.0,K1000,Nordrhein-Westfalen
64,84143.0,106701.56,0,42.0,K0516,Bayern
39,40159.0,67170.69,1,37.0,K1102,Niedersachsen
63,71039.0,98163.51,1,48.0,K0822,Thüringen
64,64626.0,113550.22,0,55.0,K0481,Sachsen
67,93757.0,134096.72,1,54.0,K0284,Berlin
35,52473.0,86012.47,1,57.0,K0860,Nordrhein-Westfalen
32,47570.0,82420.11,1,38.0,K0787,Hessen
57,73261.0,95081.32,0,52.0,K0226,Baden-Württemberg
56,61920.0,94455.39,1,49.0,K0027,Nordrhein-Westfalen
43,70080.0,94723.69,0,48.0,K0933,Baden-Württemberg
56,74505.0,103566.8,1,50.0,K0438,Baden-Württemberg
42,70246.0,94369.73,1,44.0,K1075,Sachsen
34,24647.0,49746.45,1,26.0,K0365,Sachsen
59,61009.0,103904.6,0,40.0,K0230,Baden-Württemberg
33,41309.0,82824.09,1,25.0,K0038,Baden-Württemberg
46,62109.0,79387.46,1,50.0,K0670,Nordrhein-Westfalen
34,45499.0,58717.86,1,40.0,K0750,Nordrhein-Westfalen
30,37341.0,41316.33,1,32.0,K1088,Bayern
59,56937.0,109491.66,1,55.0,K0375,Berlin
40,41023.0,59175.54,0,49.0,K0470,Nordrhein-Westfalen
43,53520.0,94866.27,1,44.0,K1089,Sachsen
41,31809.0,44588.0,1,27.0,K0688,Sachsen
33,43075.0,60255.17,1,37.0,K1012,Nordrhein-Westfalen
53,43943.0,71806.29,1,35.0,K0842,Niedersachsen
43,48335.0,68096.85,0,42.0,K0870,Hessen
67,72430.0,116130.92,1,43.0,K0195,Berlin
55,52440.0,73482.49,0,41.0,K1043,Hessen
66,79684.0,111685.27,0,44.0,K1027,Bayern
41,49106.0,60659.78,1,35.0,K0504,Baden-Württemberg
31,32891.0,59486.79,0,34.0,K1090,Bayern
65,79806.0,124673.13,0,69.0,K0988,Berlin
67,93933.0,124053.4,0,61.0,K0580,Baden-Württemberg
37,45011.0,63758.96,1,38.0,K0161,Berlin
57,68984.0,81325.05,0,41.0,K0681,Berlin
64,70698.0,118855.24,1,45.0,K1041,Brandenburg
38,49724.0,69448.24,0,33.0,K0163,Nordrhein-Westfalen
47,51053.0,89354.82,1,49.0,K0706,Nordrhein-Westfalen
37,66600.0,86748.87,1,49.0,K1015,Niedersachsen
62,64538.0,113786.43,1,49.0,K0153,Baden-Württemberg
48,48903.0,59895.32,0,38.0,K0817,Baden-Württemberg
49,65479.0,92555.99,1,45.0,K0866,Sachsen
38,61052.0,93849.29,1,39.0,K0903,Niedersachsen
64,79138.0,114319.8,0,59.0,K0112,Nordrhein-Westfalen
54,70130.0,127478.45,1,46.0,K0227,Hessen
66,74400.0,114577.68,1,51.0,K0824,Bayern
53,59879.0,92542.02,1,39.0,K0104,Niedersachsen
34,39127.0,71127.46,0,27.0,K0422,Thüringen
52,77055.0,121764.28,1,60.0,K0420,Baden-Württemberg
64,91409.0,140161.07,1,76.0,K0897,Sachsen
66,86787.0,127064.84,0,54.0,K0587,Hessen
68,80968.0,135002.85,1,47.0,K0931,Sachsen
38,45470.0,72615.51,1,40.0,K0673,Sachsen
68,80444.0,131551.59,1,44.0,K0120,Thüringen
31,33214.0,58416.51,1,31.0,K0054,Sachsen
68,73781.0,120941.76,0,55.0,K0152,Baden-Württemberg
58,54668.0,99426.78,1,42.0,K0404,Baden-Württemberg
48,45545.0,75700.83,0,30.0,K1103,Berlin
32,35961.0,42830.37,0,28.0,K0208,Niedersachsen
34,43862.0,91438.09,1,32.0,K0659,Sachsen
69,84021.0,133358.19,1,56.0,K1005,Baden-Württemberg
58,48755.0,95736.22,1,43.0,K0911,Bayern
40,50085.0,68956.52,0,42.0,K0009,Bayern
58,67540.0,106543.4,1,47.0,K0960,Bayern
47,63067.0,102867.75,1,41.0,K0037,Bayern
42,47953.0,65155.0,1,45.0,K0453,Bayern
70,86609.0,142906.55,1,60.0,K0652,Bayern
67,53207.0,90531.33,1,41.0,K0254,Nordrhein-Westfalen
64,82125.0,99958.46,0,66.0,K0304,Berlin
40,40278.0,45917.71,1,37.0,K0893,Bayern
70,80568.0,120515.75,0,43.0,K0572,Nordrhein-Westfalen
62,70035.0,98348.59,1,52.0,K0624,Niedersachsen
33,41209.0,56426.61,1,30.0,K0849,Baden-Württemberg
63,80414.0,101554.64,1,49.0,K1104,Sachsen
35,41525.0,75726.31,1,30.0,K0851,Bayern
47,67211.0,84216.96,1,45.0,K0263,Thüringen
37,48132.0,63544.0,1,32.0,K0611,Bayern
64,72069.0,116154.84,1,47.0,K0298,Berlin
68,59013.0,165482.31,1,60.0,K0415,Niedersachsen
54,56914.0,83783.08,0,36.0,K0151,Berlin
62,73197.0,115604.15,0,41.0,K0939,Hessen
57,40366.0,58229.04,1,23.0,K0779,Berlin
47,55970.0,76520.05,1,40.0,K0641,Sachsen
70,73211.0,121272.09,0,64.0,K1040,Sachsen
51,51743.0,91562.01,1,42.0,K0551,Baden-Württemberg
62,75303.0,116978.57,1,48.0,K0942,Nordrhein-Westfalen
66,64077.0,109821.52,1,48.0,K0489,Nordrhein-Westfalen
35,35300.0,58384.57,1,33.0,K0820,Baden-Württemberg
67,71177.0,112500.75,1,57.0,K0711,Baden-Württemberg
59,79235.0,130383.85,0,68.0,K0148,Thüringen
49,52215.0,87326.82,1,37.0,K0147,Niedersachsen
48,54204.0,86153.64,0,54.0,K0863,Nordrhein-Westfalen
45,40446.0,76851.18,0,41.0,K0346,Brandenburg
69,79491.0,127058.7,1,74.0,K0885,Nordrhein-Westfalen
38,46165.0,60325.44,1,35.0,K1036,Berlin
60,56507.0,84172.64,0,41.0,K0660,Berlin
65,69167.0,110950.37,1,42.0,K0771,Niedersachsen
52,81387.0,91299.91,1,55.0,K0349,Hessen
39,47664.0,71040.72,1,36.0,K0464,Berlin
31,43389.0,52734.87,0,47.0,K0326,Sachsen
31,39617.0,60089.79,1,35.0,K0187,Berlin
44,52258.0,72060.58,0,47.0,K0124,Bayern
57,76694.0,120681.69,0,58.0,K1016,Bayern
53,66225.0,78191.01,1,49.0,K0609,Hessen
35,56593.0,74955.3,1,51.0,K0144,Brandenburg
57,60125.0,89090.25,1,41.0,K0752,Bayern
58,56452.0,86683.9,0,37.0,K1082,Baden-Württemberg
63,76247.0,103879.52,1,40.0,K0198,Niedersachsen
57,81624.0,123507.46,1,63.0,K0610,Berlin
32,55589.0,60798.72,0,44.0,K0837,Berlin
41,28790.0,55293.51,0,44.0,K0280,Niedersachsen
62,68397.0,92611.11,0,49.0,K0294,Hessen
65,52291.0,83234.33,0,40.0,K0989,Sachsen
45,46062.0,61105.39,1,25.0,K0401,Nordrhein-Westfalen
44,57848.0,81081.18,1,43.0,K0123,Bayern
62,73353.0,104733.83,0,51.0,K0184,Berlin
62,75407.0,115505.36,1,55.0,K0203,Brandenburg
49,63205.0,92627.74,0,35.0,K0439,Berlin
38,46525.0,80802.74,1,34.0,K0836,Bayern
49,73660.0,107200.27,1,51.0,K0247,Bayern
65,72055.0,105462.29,1,51.0,K0416,Brandenburg
54,55557.0,72637.98,1,38.0,K0927,Bayern
70,77481.0,114318.99,1,60.0,K0914,Baden-Württemberg
63,69742.0,94365.56,1,43.0,K1050,Berlin
64,65754.0,95513.44,1,53.0,K0918,Hamburg
33,47124.0,79603.78,1,35.0,K0053,Bayern
33,37491.0,53138.58,0,32.0,K0130,Niedersachsen
34,27982.0,31074.53,0,28.0,K0638,Bayern
51,58438.0,90811.71,1,52.0,K0403,Baden-Württemberg
67,69567.0,128522.22,1,53.0,K0935,Brandenburg
34,23826.0,48808.86,0,34.0,K0921,Niedersachsen
45,62178.0,85463.8,1,46.0,K0736,Baden-Württemberg
44,68447.0,96292.93,0,47.0,K0855,Sachsen
53,59694.0,91743.18,1,40.0,K1053,Sachsen
69,74254.0,102553.46,1,63.0,K0220,Bayern
61,74239.0,106676.91,1,65.0,K0642,Thüringen
58,65271.0,106258.99,1,44.0,K0002,Nordrhein-Westfalen
60,73978.0,109383.25,0,44.0,K0899,Baden-Württemberg
59,80507.0,122494.92,1,52.0,K1076,Baden-Württemberg
36,27831.0,38628.85,0,37.0,K0081,Bayern
49,58030.0,102268.68,1,38.0,K0625,Nordrhein-Westfalen
67,88160.0,116308.36,0,67.0,K0997,Hessen
69,80988.0,130219.27,0,57.0,K0909,Baden-Württemberg
30,40170.0,63566.56,1,44.0,K0387,Hessen
59,63905.0,94428.01,1,38.0,K1092,Bayern
33,41016.0,61945.93,0,36.0,K0807,Bayern
57,57867.0,78941.48,0,35.0,K0510,Bayern
65,73022.0,100337.77,0,64.0,K0268,Niedersachsen
67,78366.0,109630.95,1,55.0,K0973,Nordrhein-Westfalen
64,67455.0,116446.72,1,38.0,K0442,Nordrhein-Westfalen
46,46352.0,76759.63,1,22.0,K0497,Bayern
33,34894.0,60765.14,1,29.0,K0830,Baden-Württemberg
66,70138.0,102407.29,1,59.0,K0113,Berlin
59,61988.0,83817.23,0,34.0,K0692,Baden-Württemberg
45,62886.0,91266.15,1,50.0,K0233,Nordrhein-Westfalen
65,82579.0,119442.59,0,52.0,K0472,Nordrhein-Westfalen
41,38158.0,49170.73,0,37.0,K0608,Nordrhein-Westfalen
43,41643.0,68969.85,0,25.0,K0672,Berlin
42,63339.0,90132.53,1,54.0,K0374,Nordrhein-Westfalen
50,45848.0,48780.22,1,47.0,K0827,Hessen
52,58625.0,113237.35,1,46.0,K0664,Sachsen
42,41463.0,74976.67,1,43.0,K1004,Baden-Württemberg
55,66624.0,94540.15,1,36.0,K0234,Hessen
66,95730.0,138765.11,1,63.0,K0819,Nordrhein-Westfalen
62,66385.0,110890.06,1,45.0,K0936,Hessen
30,28784.0,42416.07,1,34.0,K0677,Berlin
54,72215.0,117790.98,1,42.0,K0318,Sachsen
42,55975.0,80767.86,0,38.0,K0649,Nordrhein-Westfalen
45,60218.0,102902.04,1,41.0,K0411,Hamburg
40,40385.0,60570.44,0,38.0,K1044,Baden-Württemberg
63,58435.0,87561.26,1,47.0,K0710,Thüringen
51,40228.0,64816.33,1,31.0,K0359,Hessen
64,64196.0,107141.39,1,48.0,K0259,Bayern
56,81045.0,125101.5,0,58.0,K0745,Berlin
58,49747.0,77878.69,1,48.0,K0628,Hamburg
34,65070.0,98105.63,1,57.0,K0633,Hamburg
59,76842.0,94309.74,0,47.0,K0283,Baden-Württemberg
46,40684.0,66968.71,1,36.0,K0377,Niedersachsen
41,46713.0,49617.32,1,40.0,K0385,Bayern
40,50730.0,69432.02,1,30.0,K0225,Baden-Württemberg
61,59927.0,100903.48,1,47.0,K1079,Baden-Württemberg
51,47827.0,71298.43,1,39.0,K0967,Thüringen
54,60025.0,74740.62,1,42.0,K0473,Berlin
41,62740.0,91641.0,0,52.0,K0348,Niedersachsen
48,45333.0,65343.65,1,40.0,K0506,Hessen
30,41029.0,70761.65,0,32.0,K0640,Hessen
32,23753.0,40179.55,0,22.0,K1099,Bayern
46,51329.0,77922.3,1,32.0,K0798,Thüringen
42,48275.0,70990.88,1,42.0,K0340,Thüringen
65,60136.0,116989.74,1,44.0,K0556,Hessen
65,55071.0,90033.88,1,41.0,K0620,Niedersachsen
43,52541.0,79916.64,0,36.0,K1020,Hessen
62,79399.0,125617.3,0,56.0,K0955,Baden-Württemberg
54,64748.0,104496.28,1,47.0,K0646,Bayern
62,57795.0,85730.62,0,38.0,K1008,Niedersachsen
35,59218.0,89824.77,0,33.0,K0557,Berlin
60,71186.0,115349.19,1,53.0,K0682,Hessen
54,55199.0,64942.31,1,59.0,K0578,Baden-Württemberg
39,61809.0,80843.31,1,44.0,K0796,Nordrhein-Westfalen
53,61613.0,99068.03,1,50.0,K0086,Brandenburg
64,71112.0,121577.09,1,55.0,K0243,Hamburg
31,44046.0,51186.35,1,31.0,K0699,Thüringen
69,72349.0,103823.85,1,61.0,K0839,Baden-Württemberg
35,55716.0,63069.62,1,25.0,K0160,Sachsen
43,53186.0,93969.09,1,43.0,K0525,Hamburg
68,79182.0,125939.52,1,48.0,K0036,Baden-Württemberg
38,59079.0,92587.82,1,56.0,K0541,Berlin
70,95326.0,133593.66,1,66.0,K0171,Baden-Württemberg
50,48277.0,88936.09,1,47.0,K0655,Nordrhein-Westfalen
50,78249.0,114846.09,1,55.0,K0749,Nordrhein-Westfalen
69,59013.0,125140.05,1,65.0,K1021,Bayern
69,77887.0,126098.91,0,51.0,K1009,Hessen
61,94363.0,137974.71,1,50.0,K0485,Bayern
60,61431.0,105250.41,1,33.0,K0734,Bayern
34,46252.0,62891.18,0,39.0,K0900,Berlin
57,60138.0,102300.93,1,35.0,K0096,Baden-Württemberg
48,57825.0,94299.04,1,31.0,K0564,Thüringen
38,35214.0,50205.8,1,32.0,K0241,Bayern
61,65648.0,100202.5,0,51.0,K0743,Berlin
49,60621.0,81988.0,1,41.0,K0864,Hessen
32,61059.0,81549.78,0,47.0,K0575,Nordrhein-Westfalen
59,60769.0,72785.83,1,53.0,K0691,Baden-Württemberg
37,60379.0,83542.5,0,59.0,K0461,Thüringen
38,51844.0,60596.45,1,31.0,K0892,Sachsen
54,71830.0,113981.18,1,44.0,K0554,Bayern
55,75123.0,97596.04,1,55.0,K0858,Nordrhein-Westfalen
30,29432.0,61522.97,0,28.0,K1032,Nordrhein-Westfalen
58,46940.0,78383.96,0,36.0,K0207,Baden-Württemberg
45,52953.0,69536.92,1,36.0,K0393,Brandenburg
57,68942.0,96688.41,0,51.0,K0795,Nordrhein-Westfalen
67,73602.0,124908.81,1,56.0,K0871,Nordrhein-Westfalen
32,58361.0,71055.84,0,46.0,K0398,Nordrhein-Westfalen
51,71583.0,99159.39,0,59.0,K0767,Baden-Württemberg
41,50856.0,87967.12,1,42.0,K1010,Nordrhein-Westfalen
70,73363.0,111223.31,0,54.0,K0218,Hamburg
50,56621.0,92898.67,0,40.0,K0005,Bayern
46,49781.0,73484.48,0,48.0,K0769,Hessen
40,43259.0,58493.0,1,36.0,K0643,Niedersachsen
58,67418.0,95613.26,0,65.0,K0462,Bayern
31,27160.0,40495.11,0,26.0,K0943,Bayern
65,60902.0,114790.5,1,52.0,K0613,Niedersachsen
69,67799.0,99345.38,0,55.0,K0739,Bayern
67,81679.0,124223.23,0,57.0,K0961,Bayern
67,74189.0,118596.14,0,44.0,K0547,Baden-Württemberg
60,70775.0,101574.15,0,64.0,K0987,Baden-Württemberg
34,52759.0,77110.67,1,53.0,K0726,Niedersachsen
58,68451.0,114851.71,1,45.0,K1097,Nordrhein-Westfalen
68,84609.0,123507.33,1,54.0,K0684,Baden-Württemberg
37,48532.0,68786.85,0,32.0,K0099,Hessen
49,69675.0,92342.53,1,51.0,K0805,Baden-Württemberg
35,24355.0,55167.61,1,32.0,K0728,Hessen
30,36552.0,51200.08,0,21.0,K0574,Baden-Württemberg
34,44113.0,69211.99,1,34.0,K0407,Sachsen
65,68189.0,97143.57,0,36.0,K0503,Nordrhein-Westfalen
64,77668.0,116246.65,0,63.0,K0048,Baden-Württemberg
36,24397.0,32833.88,0,38.0,K0033,Baden-Württemberg
37,44420.0,51519.02,1,26.0,K0930,Bayern
52,60063.0,109287.55,1,31.0,K0780,Niedersachsen
66,94518.0,119618.58,0,62.0,K0840,Thüringen
40,55005.0,76273.78,1,47.0,K0201,Berlin
44,43460.0,71339.81,0,45.0,K0135,Hessen
57,83306.0,112854.14,1,53.0,K0028,Sachsen
38,55278.0,95883.59,1,46.0,K0041,Baden-Württemberg
38,54775.0,75261.51,1,40.0,K1018,Hamburg
64,89881.0,120551.98,0,55.0,K0231,Hessen
41,57422.0,75053.42,1,47.0,K0490,Nordrhein-Westfalen
37,30511.0,63585.76,0,29.0,K0773,Niedersachsen
57,66962.0,103890.1,1,47.0,K0379,Sachsen
63,65128.0,111253.56,1,42.0,K0289,Berlin
66,80562.0,121433.27,1,48.0,K0419,Bayern
30,23168.0,38984.74,1,23.0,K0392,Thüringen
70,76112.0,107199.46,1,60.0,K0593,Sachsen
56,65663.0,107678.5,1,55.0,K0648,Hessen
52,77888.0,105968.69,1,59.0,K0521,Bayern
44,47332.0,84281.71,0,36.0,K0065,Baden-Württemberg
32,43022.0,50811.55,1,36.0,K0015,Sachsen
54,65610.0,78467.12,1,59.0,K0493,Berlin
55,69487.0,93455.52,1,50.0,K0380,Thüringen
55,76066.0,112809.53,0,52.0,K0188,Hamburg
56,76011.0,125585.18,1,63.0,K0764,Nordrhein-Westfalen
36,51478.0,90484.89,1,32.0,K0217,Bayern
44,52628.0,80768.14,0,47.0,K0792,Bayern
39,50202.0,86793.36,1,30.0,K0879,Bayern
54,58380.0,89265.3,1,45.0,K0338,Hessen
39,57156.0,77986.08,1,39.0,K0720,Baden-Württemberg
48,51210.0,64363.81,1,29.0,K0296,Bayern
60,57664.0,95386.14,0,51.0,K1017,Hessen
31,36628.0,58605.27,0,33.0,K0456,Berlin
69,77676.0,126864.71,1,62.0,K0816,Nordrhein-Westfalen
33,38152.0,68310.6,0,26.0,K0270,Baden-Württemberg
69,65252.0,105771.99,1,42.0,K0996,Berlin
45,49088.0,80749.79,0,39.0,K0202,Niedersachsen
56,66685.0,110938.59,1,55.0,K0162,Hessen
42,22279.0,61502.53,1,20.0,K0730,Sachsen
66,85534.0,122017.62,1,59.0,K0402,Sachsen
63,81261.0,109555.23,1,48.0,K0703,Bayern
32,26878.0,50126.6,1,36.0,K0566,Bayern
70,84074.0,144045.32,1,57.0,K1022,Baden-Württemberg
30,52514.0,76020.69,1,27.0,K1026,Niedersachsen
45,54276.0,88859.4,1,43.0,K0206,Baden-Württemberg
38,48364.0,85707.42,1,35.0,K0035,Bayern
51,69957.0,102053.63,0,51.0,K0776,Bayern
36,40554.0,68345.72,1,24.0,K0509,Baden-Württemberg
57,78835.0,112307.45,1,55.0,K1091,Baden-Württemberg
62,71666.0,107104.52,1,59.0,K0092,Thüringen
59,79283.0,105625.52,1,59.0,K0898,Berlin
68,61693.0,111218.49,0,52.0,K0565,Nordrhein-Westfalen
43,57981.0,96036.67,0,55.0,K0777,Niedersachsen
70,80732.0,116569.27,1,52.0,K0242,Baden-Württemberg
53,70398.0,102062.3,0,48.0,K0014,Sachsen
32,53135.0,81152.36,1,53.0,K0316,Baden-Württemberg
40,53679.0,77410.61,1,41.0,K0601,Berlin
63,82564.0,124742.75,1,59.0,K0388,Bayern
44,47834.0,69642.73,1,44.0,K0167,Berlin
65,62961.0,106364.96,1,56.0,K0841,Baden-Württemberg
31,27501.0,39695.86,1,22.0,K0021,Hessen
51,61555.0,101804.21,0,36.0,K0647,Hamburg
40,42128.0,78281.31,1,40.0,K0832,Niedersachsen
55,45218.0,69467.58,1,34.0,K0563,Berlin
48,43335.0,67948.2,1,27.0,K1078,Nordrhein-Westfalen
32,43583.0,75274.62,0,37.0,K0687,Baden-Württemberg
56,42003.0,84471.99,0,43.0,K0958,Hessen
35,41741.0,52271.78,0,38.0,K0190,Hamburg
65,79589.0,117896.45,0,57.0,K0976,Hessen
40,76423.0,101008.49,0,51.0,K0700,Bayern
43,59012.0,91000.76,1,44.0,K0511,Baden-Württemberg
59,59013.0,92837.59,0,46.0,K1083,Baden-Württemberg
65,58270.0,85983.74,1,38.0,K0475,Berlin
37,57504.0,78406.83,1,40.0,K0857,Berlin
48,59014.0,97451.48,1,48.0,K0748,Bayern
65,70212.0,102160.74,1,45.0,K0253,Hessen
50,49026.0,79076.93,0,36.0,K0022,Berlin
55,61750.0,93666.44,1,52.0,K0460,Nordrhein-Westfalen
32,34846.0,48990.25,0,25.0,K0277,Baden-Württemberg
59,68568.0,95476.41,0,41.0,K0956,Baden-Württemberg
30,62318.0,93943.58,1,50.0,K0386,Hessen
54,84027.0,117270.4,1,58.0,K0806,Niedersachsen
30,29264.0,54886.03,1,21.0,K0344,Berlin
55,71467.0,89954.18,1,59.0,K0770,Hessen
59,68825.0,83303.72,0,60.0,K0131,Brandenburg
66,58457.0,79415.76,1,35.0,K0872,Bayern
46,46384.0,82034.0,1,37.0,K0088,Sachsen
69,96516.0,142208.17,1,64.0,K0331,Baden-Württemberg
70,69581.0,103751.58,1,51.0,K0467,Thüringen
38,48301.0,64230.98,1,33.0,K0122,Niedersachsen
67,63547.0,103123.57,1,41.0,K1045,Berlin
37,32686.0,49215.87,1,36.0,K1096,Baden-Württemberg
55,71240.0,106132.59,1,49.0,K0861,Bayern
30,39919.0,,0,29.0,K1814,Bayern
41,53431.0,,0,27.0,K1544,Baden-Württemberg
64,73163.0,,0,32.0,K1945,Baden-Württemberg
41,36761.0,,0,44.0,K1825,Baden-Württemberg
35,42684.0,,1,33.0,K1144,Nordrhein-Westfalen
67,63881.0,,1,27.0,K1395,Berlin
46,68885.0,,0,59.0,K1405,Nordrhein-Westfalen
63,63083.0,,0,40.0,K1438,Niedersachsen
30,55256.0,,1,31.0,K1313,Baden-Württemberg
32,44873.0,,0,44.0,K1241,Sachsen
66,75201.0,,0,35.0,K1242,Berlin
61,59560.0,,0,37.0,K1801,Nordrhein-Westfalen
66,90643.0,,1,25.0,K1590,Baden-Württemberg
68,80553.0,,0,56.0,K1349,Baden-Württemberg
39,42543.0,,1,30.0,K1449,Hessen
40,33126.0,,0,34.0,K1958,Baden-Württemberg
44,62176.0,,1,33.0,K1726,Berlin
49,51900.0,,0,40.0,K1758,Bayern
48,59967.0,,1,21.0,K1991,Hessen
36,33885.0,,0,49.0,K1215,Bayern
66,67587.0,,1,37.0,K1399,Nordrhein-Westfalen
31,38844.0,,1,21.0,K1552,Berlin
61,66783.0,,0,25.0,K1297,Nordrhein-Westfalen
40,54891.0,,0,46.0,K1787,Baden-Württemberg
49,59389.0,,0,21.0,K1643,Baden-Württemberg
62,92893.0,,0,14.0,K1924,Nordrhein-Westfalen
36,36252.0,,1,46.0,K1135,Hamburg
45,54234.0,,1,37.0,K1778,Niedersachsen
64,84876.0,,0,34.0,K1168,Baden-Württemberg
50,60708.0,,0,44.0,K1501,Hessen
45,54501.0,,0,30.0,K1982,Hamburg
31,34102.0,,1,46.0,K1246,Bayern
50,55261.0,,0,46.0,K1898,Brandenburg
52,71014.0,,1,21.0,K1340,Bayern
34,53036.0,,0,46.0,K1309,Bayern
67,79728.0,,1,22.0,K1725,Thüringen
31,26638.0,,1,30.0,K1128,Niedersachsen
38,48808.0,,1,54.0,K1303,Baden-Württemberg
46,61964.0,,0,57.0,K1947,Bayern
31,27594.0,,0,49.0,K1844,Bayern
68,83334.0,,1,33.0,K1225,Bayern
48,54207.0,,0,45.0,K1582,Nordrhein-Westfalen
40,65585.0,,0,43.0,K1942,Bayern
37,39422.0,,1,38.0,K1895,Berlin
69,108569.0,,1,47.0,K1467,Nordrhein-Westfalen
69,91625.0,,1,21.0,K1191,Niedersachsen
43,67392.0,,0,45.0,K1172,Nordrhein-Westfalen
52,68558.0,,0,27.0,K1455,Sachsen
37,51084.0,,0,41.0,K1315,Baden-Württemberg
51,52205.0,,0,42.0,K1764,Baden-Württemberg
68,96580.0,,0,30.0,K1553,Nordrhein-Westfalen
63,80826.0,,1,50.0,K1925,Berlin
63,56999.0,,1,50.0,K1465,Berlin
66,64795.0,,1,35.0,K1907,Berlin
50,75602.0,,0,31.0,K1385,Thüringen
35,32469.0,,1,24.0,K1690,Bayern
53,51712.0,,1,37.0,K1175,Baden-Württemberg
62,75231.0,,1,44.0,K1404,Baden-Württemberg
39,37428.0,,1,37.0,K1316,Niedersachsen
53,75786.0,,0,49.0,K1149,Bayern
39,30485.0,,1,44.0,K1513,Hamburg
60,70854.0,,1,30.0,K1551,Baden-Württemberg
41,57517.0,,1,39.0,K1531,Berlin
37,66419.0,,1,28.0,K1273,Thüringen
45,62279.0,,1,27.0,K1301,Baden-Württemberg
52,70297.0,,0,51.0,K1877,Nordrhein-Westfalen
37,65035.0,,1,44.0,K1177,Niedersachsen
36,41668.0,,0,40.0,K1527,Bayern
43,49481.0,,1,23.0,K1637,Baden-Württemberg
54,56293.0,,1,36.0,K1696,Hamburg
67,78308.0,,0,35.0,K1417,Hamburg
37,43615.0,,1,34.0,K1416,Bayern
49,76603.0,,1,19.0,K1994,Berlin
42,58052.0,,0,25.0,K1940,Baden-Württemberg
46,51858.0,,1,44.0,K1938,Nordrhein-Westfalen
68,79291.0,,0,36.0,K1710,Nordrhein-Westfalen
70,76106.0,,0,25.0,K1872,Hessen
58,68691.0,,1,37.0,K1644,Nordrhein-Westfalen
43,48850.0,,0,36.0,K1462,Brandenburg
65,92223.0,,1,41.0,K1359,Baden-Württemberg
69,85613.0,,1,28.0,K1371,Hessen
47,53431.0,,1,30.0,K1171,Berlin
41,34560.0,,0,34.0,K1424,Baden-Württemberg
38,46847.0,,0,46.0,K1883,Baden-Württemberg
44,53482.0,,1,33.0,K1279,Bayern
35,29396.0,,1,28.0,K1598,Baden-Württemberg
40,68282.0,,1,15.0,K1320,Hamburg
45,66573.0,,0,52.0,K1414,Nordrhein-Westfalen
39,44825.0,,0,45.0,K1927,Baden-Württemberg
38,40638.0,,1,46.0,K1355,Baden-Württemberg
61,75681.0,,1,42.0,K1270,Sachsen
37,39528.0,,1,19.0,K1646,Bayern
32,44270.0,,1,45.0,K1730,Niedersachsen
70,74006.0,,0,42.0,K1493,Baden-Württemberg
34,43060.0,,1,32.0,K1181,Nordrhein-Westfalen
60,71786.0,,1,36.0,K1386,Bayern
48,60260.0,,0,30.0,K1817,Berlin
37,45165.0,,1,36.0,K1443,Bayern
68,98083.0,,1,22.0,K1432,Berlin
44,43991.0,,1,35.0,K1426,Brandenburg
48,54965.0,,1,30.0,K1650,Niedersachsen
53,53797.0,,1,24.0,K1695,Hessen
61,75647.0,,1,45.0,K1396,Bayern
67,85750.0,,0,41.0,K1570,Nordrhein-Westfalen
49,49362.0,,0,36.0,K1919,Thüringen
40,39581.0,,1,5.0,K1547,Niedersachsen
53,72005.0,,0,27.0,K1775,Nordrhein-Westfalen
50,64800.0,,1,35.0,K1567,Thüringen
54,73773.0,,1,23.0,K1391,Berlin
49,51991.0,,1,29.0,K1314,Berlin
40,62840.0,,0,35.0,K1774,Nordrhein-Westfalen
30,46686.0,,1,36.0,K1332,Sachsen
35,42665.0,,0,34.0,K1954,Nordrhein-Westfalen
65,78027.0,,1,12.0,K1617,Niedersachsen
54,54772.0,,0,26.0,K1632,Baden-Württemberg
61,79527.0,,1,62.0,K1981,Baden-Württemberg
36,32282.0,,1,52.0,K1201,Hessen
32,31011.0,,0,42.0,K1397,Baden-Württemberg
68,78363.0,,0,21.0,K1428,Baden-Württemberg
51,56457.0,,0,28.0,K1841,Nordrhein-Westfalen
68,74861.0,,0,20.0,K1634,Bayern
54,68636.0,,0,29.0,K1323,Baden-Württemberg
61,61246.0,,0,45.0,K1380,Nordrhein-Westfalen
63,69115.0,,0,39.0,K1183,Hamburg
58,76153.0,,0,25.0,K1890,Bayern
41,39146.0,,1,40.0,K1709,Hessen
45,34527.0,,1,17.0,K1901,Baden-Württemberg
47,61174.0,,1,37.0,K1244,Niedersachsen
35,40070.0,,1,47.0,K1683,Bayern
47,61411.0,,1,21.0,K1599,Bayern
66,76131.0,,0,42.0,K1464,Sachsen
57,52581.0,,1,29.0,K1170,Bayern
31,12032.0,,1,32.0,K1586,Baden-Württemberg
63,74055.0,,0,43.0,K1882,Nordrhein-Westfalen
30,47051.0,,1,23.0,K1704,Baden-Württemberg
57,75169.0,,0,44.0,K1935,Thüringen
49,53203.0,,0,44.0,K1411,Hessen
64,74727.0,,1,55.0,K1336,Bayern
37,60310.0,,0,38.0,K1950,Baden-Württemberg
40,56212.0,,1,39.0,K1154,Bayern
50,46632.0,,1,36.0,K1757,Bayern
49,56492.0,,0,25.0,K1959,Baden-Württemberg
51,46713.0,,0,34.0,K1447,Berlin
37,37002.0,,1,29.0,K1699,Bayern
34,46612.0,,1,34.0,K1990,Berlin
36,39625.0,,1,55.0,K1521,Bayern
70,97897.0,,1,60.0,K1318,Berlin
43,68343.0,,1,32.0,K1138,Nordrhein-Westfalen
59,68649.0,,1,32.0,K1136,Nordrhein-Westfalen
34,42021.0,,0,36.0,K1773,Brandenburg
66,78363.0,,1,26.0,K1689,Baden-Württemberg
55,67416.0,,1,31.0,K1619,Nordrhein-Westfalen
57,75133.0,,0,41.0,K1793,Bayern
52,54277.0,,1,48.0,K1214,Nordrhein-Westfalen
62,83975.0,,0,33.0,K1182,Bayern
42,60428.0,,1,44.0,K1716,Sachsen
67,87075.0,,1,59.0,K1748,Niedersachsen
55,76312.0,,1,41.0,K1187,Baden-Württemberg
31,38299.0,,1,3.0,K1623,Nordrhein-Westfalen
33,35654.0,,0,26.0,K1762,Nordrhein-Westfalen
37,51507.0,,0,34.0,K1401,Niedersachsen
43,58162.0,,1,31.0,K1612,Nordrhein-Westfalen
30,38643.0,,1,35.0,K1913,Bayern
46,56617.0,,0,31.0,K1480,Hessen
37,38266.0,,1,36.0,K1110,Baden-Württemberg
41,52448.0,,1,48.0,K1159,Sachsen
48,63015.0,,0,50.0,K1503,Berlin
45,44515.0,,1,37.0,K1562,Berlin
33,20925.0,,1,36.0,K1626,Baden-Württemberg
62,77172.0,,1,36.0,K1468,Baden-Württemberg
67,68055.0,,0,40.0,K1202,Niedersachsen
46,57346.0,,1,32.0,K1522,Hamburg
52,74488.0,,1,41.0,K1677,Bayern
46,54308.0,,1,32.0,K1957,Brandenburg
48,68669.0,,1,41.0,K1538,Niedersachsen
54,70604.0,,1,13.0,K1878,Sachsen
44,46192.0,,1,45.0,K1130,Baden-Württemberg
63,66298.0,,0,43.0,K1189,Niedersachsen
47,46133.0,,1,38.0,K1115,Nordrhein-Westfalen
35,55240.0,,0,24.0,K1436,Nordrhein-Westfalen
66,78221.0,,0,41.0,K1838,Sachsen
52,67496.0,,1,25.0,K1487,Nordrhein-Westfalen
36,48519.0,,1,30.0,K1809,Baden-Württemberg
33,44999.0,,0,18.0,K1918,Baden-Württemberg
54,49680.0,,0,24.0,K1223,Sachsen
45,51504.0,,1,50.0,K1641,Baden-Württemberg
40,57367.0,,1,31.0,K1466,Baden-Württemberg
61,80751.0,,0,24.0,K1134,Sachsen
57,63457.0,,0,45.0,K1160,Bayern
52,45802.0,,1,25.0,K1970,Baden-Württemberg
53,58521.0,,0,20.0,K1700,Brandenburg
51,56254.0,,0,17.0,K1344,Berlin
68,77480.0,,0,45.0,K1826,Baden-Württemberg
68,80288.0,,1,19.0,K1186,Brandenburg
42,37937.0,,0,30.0,K1364,Sachsen
57,50222.0,,1,47.0,K1591,Bayern
38,48379.0,,1,43.0,K1821,Thüringen
69,98029.0,,1,37.0,K1905,Bayern
66,82388.0,,0,34.0,K1886,Hessen
53,69201.0,,0,25.0,K1647,Berlin
54,59335.0,,0,34.0,K1431,Baden-Württemberg
46,49472.0,,1,36.0,K1639,Bayern
50,61481.0,,1,44.0,K1640,Baden-Württemberg
33,54045.0,,0,30.0,K1588,Bayern
50,66941.0,,0,32.0,K1867,Thüringen
65,74982.0,,0,27.0,K1638,Hessen
65,62676.0,,1,33.0,K1818,Baden-Württemberg
65,85235.0,,1,44.0,K1495,Nordrhein-Westfalen
39,23110.0,,1,39.0,K1600,Sachsen
48,55111.0,,1,31.0,K1587,Nordrhein-Westfalen
64,74798.0,,0,28.0,K1482,Niedersachsen
63,66343.0,,1,53.0,K1470,Baden-Württemberg
50,58485.0,,1,40.0,K1517,Thüringen
66,88621.0,,0,44.0,K1573,Hessen
36,30932.0,,0,43.0,K1514,Baden-Württemberg
64,70306.0,,1,36.0,K1112,Berlin
53,49634.0,,1,30.0,K1685,Nordrhein-Westfalen
66,69331.0,,0,32.0,K1260,Baden-Württemberg
37,51799.0,,0,40.0,K1985,Baden-Württemberg
38,51013.0,,1,49.0,K1530,Nordrhein-Westfalen
60,77365.0,,0,34.0,K1206,Bayern
62,69520.0,,0,31.0,K1304,Sachsen
40,52774.0,,0,41.0,K1529,Hessen
56,70616.0,,0,15.0,K1403,Brandenburg
39,43355.0,,0,28.0,K1989,Bayern
68,89005.0,,0,22.0,K1352,Baden-Württemberg
35,39197.0,,1,26.0,K1583,Bayern
58,74551.0,,0,32.0,K1410,Niedersachsen
65,83198.0,,1,47.0,K1421,Berlin
33,45748.0,,1,55.0,K1107,Niedersachsen
47,79608.0,,1,47.0,K1510,Berlin
47,59353.0,,1,14.0,K1847,Baden-Württemberg
60,55815.0,,1,27.0,K1365,Baden-Württemberg
52,66108.0,,1,41.0,K1472,Thüringen
69,85176.0,,1,31.0,K1263,Nordrhein-Westfalen
42,54182.0,,1,26.0,K1659,Nordrhein-Westfalen
44,52097.0,,1,45.0,K1934,Nordrhein-Westfalen
55,88483.0,,1,26.0,K1782,Berlin
56,83787.0,,0,27.0,K1485,Niedersachsen
40,38823.0,,0,18.0,K1731,Berlin
56,66001.0,,0,32.0,K1407,Berlin
52,33298.0,,0,18.0,K1537,Nordrhein-Westfalen
65,68211.0,,1,20.0,K1627,Berlin
37,50177.0,,1,31.0,K1509,Bayern
38,48780.0,,1,18.0,K1948,Niedersachsen
37,41519.0,,1,33.0,K1460,Bayern
36,50243.0,,1,48.0,K1569,Nordrhein-Westfalen
31,26019.0,,0,32.0,K1858,Baden-Württemberg
38,44673.0,,0,36.0,K1317,Bayern
44,50982.0,,0,21.0,K1554,Sachsen
59,70013.0,,1,39.0,K1184,Baden-Württemberg
38,29788.0,,1,47.0,K1253,Hamburg
33,35351.0,,1,24.0,K1533,Hessen
63,60562.0,,1,38.0,K1165,Bayern
49,58250.0,,1,25.0,K1765,Baden-Württemberg
47,56934.0,,1,42.0,K1909,Baden-Württemberg
51,54872.0,,0,40.0,K1693,Bayern
64,85442.0,,0,42.0,K1870,Sachsen
60,67966.0,,1,29.0,K1370,Bayern
48,48300.0,,1,28.0,K1238,Baden-Württemberg
63,86199.0,,0,32.0,K1813,Nordrhein-Westfalen
54,53807.0,,0,37.0,K1649,Sachsen
57,78842.0,,0,24.0,K1451,Berlin
68,86966.0,,0,15.0,K1926,Berlin
47,50383.0,,1,35.0,K1738,Baden-Württemberg
31,10802.0,,1,25.0,K1561,Brandenburg
42,54815.0,,0,34.0,K1605,Baden-Württemberg
57,60411.0,,1,33.0,K1535,Baden-Württemberg
42,49913.0,,1,26.0,K1550,Sachsen
48,51462.0,,1,20.0,K1755,Niedersachsen
64,67482.0,,1,10.0,K1277,Bayern
40,59392.0,,0,37.0,K1555,Brandenburg
58,71797.0,,1,26.0,K1419,Berlin
64,85477.0,,1,27.0,K1437,Hamburg
67,94338.0,,1,27.0,K1906,Hessen
57,52370.0,,1,42.0,K1195,Thüringen
63,71787.0,,1,40.0,K1939,Bayern
40,39210.0,,0,43.0,K1286,Sachsen
41,50332.0,,0,48.0,K1686,Niedersachsen
33,47739.0,,1,47.0,K1900,Baden-Württemberg
57,51231.0,,1,28.0,K1174,Sachsen
62,64399.0,,0,18.0,K1236,Berlin
67,71627.0,,1,29.0,K1439,Bayern
35,50926.0,,1,35.0,K1702,Sachsen
51,66518.0,,1,22.0,K1240,Nordrhein-Westfalen
69,80267.0,,1,36.0,K1269,Niedersachsen
46,42529.0,,0,44.0,K1133,Nordrhein-Westfalen
63,75259.0,,0,50.0,K1888,Thüringen
44,50005.0,,0,23.0,K1298,Bayern
39,35225.0,,0,48.0,K1974,Niedersachsen
33,24243.0,,1,42.0,K1820,Berlin
42,54485.0,,1,33.0,K1630,Bayern
65,81926.0,,1,48.0,K1486,Bayern
40,51957.0,,1,16.0,K1245,Sachsen
36,47469.0,,1,18.0,K1278,Bayern
38,50640.0,,1,28.0,K1111,Bayern
51,55860.0,,1,44.0,K1823,Baden-Württemberg
66,68506.0,,0,37.0,K1790,Bayern
33,31655.0,,1,31.0,K1178,Bayern
44,54026.0,,1,30.0,K1987,Nordrhein-Westfalen
47,61372.0,,1,42.0,K1433,Bayern
33,37068.0,,1,47.0,K1558,Nordrhein-Westfalen
58,62171.0,,1,26.0,K1250,Baden-Württemberg
67,76785.0,,1,15.0,K1339,Hessen
40,35559.0,,0,31.0,K1325,Baden-Württemberg
32,20330.0,,1,30.0,K1475,Bayern
30,29694.0,,1,30.0,K1916,Niedersachsen
39,63156.0,,1,41.0,K1237,Berlin
59,71025.0,,0,28.0,K1799,Hessen
51,70533.0,,1,7.0,K1969,Baden-Württemberg
67,86403.0,,1,29.0,K1290,Hessen
47,67161.0,,1,36.0,K1146,Berlin
31,54067.0,,0,45.0,K1652,Bayern
36,29204.0,,0,27.0,K1213,Bayern
40,59103.0,,0,29.0,K1708,Bayern
69,78816.0,,0,61.0,K1161,Nordrhein-Westfalen
69,79027.0,,1,24.0,K1499,Berlin
38,66320.0,,0,43.0,K1811,Baden-Württemberg
51,71227.0,,1,33.0,K1654,Hessen
31,35917.0,,1,34.0,K1129,Bayern
38,44788.0,,1,22.0,K1456,Sachsen
65,73605.0,,1,45.0,K1534,Berlin
66,65217.0,,1,13.0,K1539,Baden-Württemberg
53,58268.0,,0,57.0,K1156,Niedersachsen
66,81323.0,,1,42.0,K1631,Thüringen
52,59035.0,,0,22.0,K1921,Berlin
46,54677.0,,0,37.0,K1674,Thüringen
44,49839.0,,1,31.0,K1369,Baden-Württemberg
53,70484.0,,1,18.0,K1541,Baden-Württemberg
70,86136.0,,0,39.0,K1718,Baden-Württemberg
41,46277.0,,1,14.0,K1798,Bayern
58,83378.0,,1,25.0,K1457,Nordrhein-Westfalen
43,38134.0,,0,27.0,K1123,Baden-Württemberg
43,61619.0,,1,24.0,K1771,Bayern
52,66932.0,,1,26.0,K1687,Baden-Württemberg
66,82715.0,,0,16.0,K1188,Nordrhein-Westfalen
40,49391.0,,1,51.0,K1166,Nordrhein-Westfalen
38,46307.0,,1,33.0,K1377,Hessen
57,84131.0,,1,56.0,K1390,Nordrhein-Westfalen
61,61256.0,,0,22.0,K1800,Niedersachsen
66,64550.0,,1,26.0,K1851,Sachsen
37,37027.0,,0,52.0,K1117,Thüringen
37,41986.0,,0,42.0,K1287,Bayern
58,63297.0,,1,17.0,K1549,Baden-Württemberg
51,67323.0,,0,46.0,K1657,Berlin
55,63085.0,,0,34.0,K1328,Baden-Württemberg
66,84641.0,,1,34.0,K1618,Berlin
57,81290.0,,0,31.0,K1733,Berlin
35,44389.0,,1,30.0,K1692,Baden-Württemberg
43,49718.0,,1,46.0,K1797,Niedersachsen
35,41206.0,,0,39.0,K1628,Sachsen
62,72707.0,,0,50.0,K1769,Nordrhein-Westfalen
54,72310.0,,1,35.0,K1281,Berlin
60,74193.0,,1,25.0,K1946,Berlin
31,40365.0,,0,20.0,K1783,Niedersachsen
62,77713.0,,0,29.0,K1268,Hessen
55,66068.0,,1,35.0,K1353,Hessen
69,78275.0,,1,30.0,K1675,Thüringen
65,75316.0,,1,43.0,K1892,Nordrhein-Westfalen
56,58983.0,,1,16.0,K1179,Bayern
38,46195.0,,1,26.0,K1218,Bayern
70,69727.0,,1,35.0,K1740,Brandenburg
66,79152.0,,1,35.0,K1606,Nordrhein-Westfalen
40,67881.0,,0,41.0,K1209,Baden-Württemberg
47,52535.0,,0,50.0,K1219,Berlin
36,41111.0,,1,36.0,K1473,Baden-Württemberg
67,75808.0,,1,46.0,K1197,Baden-Württemberg
40,39444.0,,1,48.0,K1602,Niedersachsen
68,64542.0,,0,31.0,K1194,Hessen
47,52745.0,,0,24.0,K1441,Hamburg
30,31232.0,,0,52.0,K1984,Nordrhein-Westfalen
70,83903.0,,0,49.0,K1922,Niedersachsen
45,59680.0,,0,25.0,K1933,Thüringen
32,28689.0,,0,41.0,K1648,Sachsen
44,59093.0,,1,34.0,K1653,Berlin
47,43409.0,,0,32.0,K1199,Sachsen
62,77683.0,,0,28.0,K1116,Nordrhein-Westfalen
42,34573.0,,0,42.0,K1536,Niedersachsen
66,77908.0,,1,41.0,K1148,Nordrhein-Westfalen
53,44537.0,,1,36.0,K1147,Nordrhein-Westfalen
44,48650.0,,1,45.0,K1434,Sachsen
46,52041.0,,1,28.0,K1272,Bayern
62,85386.0,,1,35.0,K1884,Baden-Württemberg
45,39956.0,,1,34.0,K1642,Baden-Württemberg
55,70714.0,,1,40.0,K1840,Berlin
30,42439.0,,1,49.0,K1604,Berlin
53,55542.0,,1,50.0,K1283,Sachsen
56,62958.0,,1,28.0,K1688,Bayern
70,76891.0,,1,37.0,K1889,Berlin
55,67803.0,,1,39.0,K1698,Baden-Württemberg
32,47052.0,,1,30.0,K1282,Nordrhein-Westfalen
59,70569.0,,1,43.0,K1749,Bayern
38,31258.0,,0,39.0,K1815,Berlin
38,42954.0,,0,39.0,K1720,Baden-Württemberg
61,84321.0,,1,44.0,K1488,Baden-Württemberg
46,60088.0,,1,38.0,K1362,Bayern
46,71444.0,,1,23.0,K1839,Niedersachsen
34,34256.0,,1,34.0,K1440,Sachsen
47,50533.0,,1,32.0,K1656,Brandenburg
63,79754.0,,1,42.0,K1120,Nordrhein-Westfalen
57,58634.0,,1,32.0,K1108,Thüringen
65,62351.0,,0,40.0,K1516,Bayern
53,72003.0,,0,34.0,K1361,Nordrhein-Westfalen
63,79995.0,,1,23.0,K1556,Hessen
35,33794.0,,1,41.0,K1578,Berlin
61,79737.0,,1,31.0,K1802,Niedersachsen
69,98883.0,,1,29.0,K1498,Hessen
68,92374.0,,0,44.0,K1327,Baden-Württemberg
70,92239.0,,1,38.0,K1611,Bayern
57,52973.0,,0,47.0,K1672,Sachsen
36,47024.0,,1,26.0,K1525,Baden-Württemberg
41,45177.0,,0,33.0,K1429,Berlin
49,52714.0,,0,43.0,K1635,Baden-Württemberg
50,43390.0,,1,38.0,K1114,Niedersachsen
69,79690.0,,1,51.0,K1354,Bayern
41,53765.0,,0,21.0,K1127,Niedersachsen
49,57704.0,,1,27.0,K1461,Berlin
65,73776.0,,1,33.0,K1326,Niedersachsen
41,56806.0,,1,32.0,K1706,Bayern
34,34204.0,,1,43.0,K1871,Nordrhein-Westfalen
59,85332.0,,1,21.0,K1979,Nordrhein-Westfalen
55,58757.0,,1,34.0,K1633,Nordrhein-Westfalen
61,81435.0,,1,40.0,K1445,Niedersachsen
39,63688.0,,1,20.0,K1848,Berlin
51,46824.0,,0,41.0,K1624,Bayern
50,67276.0,,1,29.0,K1308,Hessen
45,70632.0,,0,52.0,K1342,Sachsen
33,36719.0,,1,35.0,K1198,Nordrhein-Westfalen
66,75021.0,,1,27.0,K1835,Bayern
63,65737.0,,0,49.0,K1545,Nordrhein-Westfalen
56,66607.0,,1,15.0,K1664,Bayern
42,42036.0,,1,36.0,K1389,Bayern
64,82890.0,,0,44.0,K1289,Baden-Württemberg
55,55421.0,,0,29.0,K1896,Niedersachsen
59,59731.0,,0,30.0,K1592,Nordrhein-Westfalen
63,78073.0,,1,30.0,K1258,Bayern
65,91807.0,,1,45.0,K1180,Nordrhein-Westfalen
53,65662.0,,1,48.0,K1761,Thüringen
36,29607.0,,1,23.0,K1736,Bayern
56,70411.0,,1,39.0,K1382,Bayern
47,63119.0,,0,51.0,K1173,Bayern
42,44381.0,,1,30.0,K1930,Bayern
56,71443.0,,1,31.0,K1293,Bayern
66,66736.0,,0,26.0,K1376,Nordrhein-Westfalen
30,40283.0,,1,50.0,K1767,Baden-Württemberg
49,54141.0,,1,29.0,K1816,Baden-Württemberg
33,36224.0,,0,52.0,K1341,Baden-Württemberg
68,81231.0,,0,46.0,K1193,Hessen
57,65786.0,,1,43.0,K1862,Thüringen
43,59090.0,,0,29.0,K1222,Sachsen
39,58806.0,,1,55.0,K1230,Niedersachsen
68,80798.0,,1,43.0,K1836,Nordrhein-Westfalen
36,38943.0,,0,35.0,K1394,Nordrhein-Westfalen
36,46373.0,,0,36.0,K1343,Bayern
42,57149.0,,0,35.0,K1105,Hessen
42,52175.0,,0,38.0,K1986,Bayern
42,46179.0,,1,28.0,K1572,Hessen
34,26419.0,,0,45.0,K1932,Sachsen
41,55038.0,,1,41.0,K1500,Hessen
62,71315.0,,0,37.0,K1636,Sachsen
33,49528.0,,0,25.0,K1231,Baden-Württemberg
54,53584.0,,0,39.0,K1383,Nordrhein-Westfalen
39,56179.0,,1,29.0,K1796,Nordrhein-Westfalen
54,69211.0,,1,40.0,K1221,Nordrhein-Westfalen
33,28557.0,,1,52.0,K1333,Nordrhein-Westfalen
32,40946.0,,0,28.0,K1727,Hessen
50,56453.0,,1,37.0,K1760,Bayern
64,66776.0,,1,11.0,K1703,Berlin
51,41345.0,,0,24.0,K1621,Nordrhein-Westfalen
37,42547.0,,1,45.0,K1379,Berlin
60,59341.0,,1,46.0,K1423,Hessen
36,54639.0,,0,31.0,K1711,Sachsen
69,71732.0,,0,26.0,K1249,Hessen
47,41230.0,,1,32.0,K1739,Nordrhein-Westfalen
42,52868.0,,0,22.0,K1663,Baden-Württemberg
68,74031.0,,0,41.0,K1914,Baden-Württemberg
33,44279.0,,0,51.0,K1850,Nordrhein-Westfalen
54,71795.0,,0,32.0,K1474,Berlin
62,78051.0,,0,49.0,K1373,Baden-Württemberg
60,80979.0,,1,28.0,K1728,Nordrhein-Westfalen
45,51057.0,,1,33.0,K1412,Nordrhein-Westfalen
53,64433.0,,1,41.0,K1528,Baden-Württemberg
48,62342.0,,0,32.0,K1415,Niedersachsen
51,56364.0,,0,35.0,K1459,Hamburg
63,72396.0,,1,48.0,K1151,Niedersachsen
34,26143.0,,0,50.0,K1454,Brandenburg
67,87206.0,,1,47.0,K1476,Sachsen
58,65207.0,,0,27.0,K1584,Baden-Württemberg
39,48650.0,,1,45.0,K1681,Nordrhein-Westfalen
58,80404.0,,1,25.0,K1366,Baden-Württemberg
62,68356.0,,0,35.0,K1300,Thüringen
49,54755.0,,1,44.0,K1995,Berlin
53,59447.0,,1,48.0,K1849,Nordrhein-Westfalen
52,67687.0,,1,47.0,K1212,Baden-Württemberg
41,43845.0,,0,51.0,K1971,Niedersachsen
50,56875.0,,1,32.0,K1164,Berlin
41,45205.0,,1,26.0,K1763,Baden-Württemberg
56,66038.0,,0,33.0,K1368,Berlin
58,70704.0,,1,38.0,K1673,Hessen
32,57456.0,,0,42.0,K1205,Niedersachsen
60,78010.0,,0,40.0,K1548,Thüringen
54,54717.0,,1,39.0,K1595,Sachsen
68,74173.0,,1,41.0,K1792,Thüringen
45,56234.0,,1,46.0,K1904,Bayern
63,72231.0,,1,25.0,K1745,Nordrhein-Westfalen
63,68752.0,,1,39.0,K1274,Baden-Württemberg
63,81446.0,,0,12.0,K1284,Niedersachsen
52,63038.0,,0,42.0,K1409,Baden-Württemberg
55,63243.0,,1,35.0,K1446,Baden-Württemberg
36,49454.0,,1,36.0,K1162,Baden-Württemberg
30,46530.0,,1,45.0,K1963,Nordrhein-Westfalen
31,47602.0,,1,29.0,K1254,Hamburg
69,78664.0,,1,37.0,K1229,Niedersachsen
68,75304.0,,0,27.0,K1808,Nordrhein-Westfalen
51,57041.0,,1,38.0,K1155,Sachsen
45,44139.0,,1,31.0,K1458,Bayern
49,50246.0,,1,42.0,K1928,Sachsen
41,54152.0,,0,15.0,K1247,Berlin
70,71512.0,,0,47.0,K1575,Nordrhein-Westfalen
32,32660.0,,1,27.0,K1504,Bayern
63,74905.0,,1,35.0,K1680,Hessen
46,53576.0,,0,54.0,K1425,Hessen
32,34848.0,,0,24.0,K1124,Nordrhein-Westfalen
65,70533.0,,1,38.0,K1897,Nordrhein-Westfalen
51,53267.0,,1,53.0,K1812,Berlin
35,53194.0,,0,33.0,K1828,Thüringen
41,64926.0,,0,39.0,K1512,Hamburg
55,65102.0,,0,22.0,K1662,Bayern
53,64075.0,,0,36.0,K1143,Nordrhein-Westfalen
49,67291.0,,0,30.0,K1280,Hessen
41,35324.0,,1,24.0,K1350,Sachsen
59,63142.0,,0,31.0,K1845,Sachsen
67,78937.0,,1,34.0,K1707,Niedersachsen
51,76712.0,,1,36.0,K1873,Baden-Württemberg
44,48524.0,,1,54.0,K1869,Sachsen
37,41368.0,,0,31.0,K1259,Nordrhein-Westfalen
64,68523.0,,1,43.0,K1392,Sachsen
42,50054.0,,1,36.0,K1855,Nordrhein-Westfalen
51,64923.0,,1,39.0,K1122,Nordrhein-Westfalen
48,57701.0,,1,22.0,K1232,Nordrhein-Westfalen
38,25074.0,,0,44.0,K1427,Berlin
54,59814.0,,0,39.0,K1360,Berlin
52,55753.0,,1,42.0,K1875,Bayern
31,35493.0,,1,39.0,K1961,Nordrhein-Westfalen
69,75983.0,,0,47.0,K1295,Hessen
70,57965.0,,1,20.0,K1220,Hessen
37,38362.0,,0,25.0,K1842,Nordrhein-Westfalen
51,67445.0,,0,38.0,K1285,Bayern
41,40292.0,,1,40.0,K1406,Thüringen
45,34929.0,,1,14.0,K1784,Bayern
69,95450.0,,0,35.0,K1743,Berlin
30,44854.0,,0,36.0,K1754,Hessen
60,74006.0,,0,43.0,K1721,Bayern
67,92236.0,,1,29.0,K1701,Bayern
54,81957.0,,0,31.0,K1622,Berlin
31,31913.0,,0,29.0,K1980,Bayern
67,100322.0,,0,50.0,K1150,Bayern
47,56854.0,,1,43.0,K1912,Bayern
35,33579.0,,0,34.0,K1262,Baden-Württemberg
53,50243.0,,0,32.0,K1770,Nordrhein-Westfalen
52,58522.0,,0,36.0,K1276,Sachsen
35,35621.0,,0,33.0,K1121,Bayern
58,68325.0,,1,35.0,K1616,Bayern
44,64787.0,,1,56.0,K1153,Baden-Württemberg
32,45044.0,,0,17.0,K1967,Nordrhein-Westfalen
54,72200.0,,1,33.0,K1854,Hessen
46,61880.0,,0,40.0,K1620,Sachsen
70,97121.0,,1,36.0,K1722,Baden-Württemberg
68,91036.0,,1,40.0,K1585,Brandenburg
34,55437.0,,0,41.0,K1388,Sachsen
70,67948.0,,0,18.0,K1694,Bayern
68,67645.0,,0,51.0,K1330,Berlin
52,71199.0,,1,29.0,K1131,Berlin
34,31569.0,,1,58.0,K1953,Baden-Württemberg
45,50682.0,,1,41.0,K1542,Hessen
39,42755.0,,1,30.0,K1949,Hessen
60,61876.0,,0,20.0,K1469,Hessen
59,77392.0,,1,44.0,K1334,Hessen
35,31306.0,,1,27.0,K1142,Baden-Württemberg
66,76359.0,,0,22.0,K1962,Sachsen
59,58009.0,,1,35.0,K1479,Baden-Württemberg
31,41923.0,,1,33.0,K1574,Nordrhein-Westfalen
33,37292.0,,1,27.0,K1964,Bayern
64,80851.0,,0,36.0,K1863,Baden-Württemberg
31,24168.0,,1,41.0,K1756,Niedersachsen
46,47676.0,,1,55.0,K1299,Bayern
39,40081.0,,0,53.0,K1865,Nordrhein-Westfalen
63,84772.0,,1,30.0,K1973,Nordrhein-Westfalen
30,21238.0,,1,30.0,K1608,Berlin
54,53424.0,,0,36.0,K1966,Hamburg
49,55265.0,,1,57.0,K1846,Baden-Württemberg
65,79612.0,,0,34.0,K1684,Hessen
40,41617.0,,0,48.0,K1993,Nordrhein-Westfalen
30,54907.0,,0,36.0,K1267,Nordrhein-Westfalen
67,67954.0,,0,38.0,K1735,Niedersachsen
39,54070.0,,1,42.0,K1257,Bayern
58,68240.0,,1,38.0,K1789,Baden-Württemberg
39,47801.0,,1,29.0,K1734,Baden-Württemberg
42,54451.0,,0,17.0,K1780,Hessen
63,72872.0,,1,32.0,K1216,Brandenburg
69,77933.0,,1,43.0,K1331,Thüringen
39,39742.0,,1,37.0,K1723,Niedersachsen
48,46968.0,,1,16.0,K1208,Hessen
62,84205.0,,1,68.0,K1526,Bayern
59,64971.0,,1,29.0,K1524,Sachsen
30,25293.0,,1,37.0,K1691,Sachsen
48,57290.0,,0,16.0,K1224,Nordrhein-Westfalen
47,53602.0,,1,33.0,K1158,Nordrhein-Westfalen
62,70857.0,,1,40.0,K1256,Berlin
45,65989.0,,1,55.0,K1508,Sachsen
61,43124.0,,1,46.0,K1944,Baden-Württemberg
42,41050.0,,1,27.0,K1312,Baden-Württemberg
53,61112.0,,0,20.0,K1857,Baden-Württemberg
70,79595.0,,1,51.0,K1822,Thüringen
66,76116.0,,0,59.0,K1113,Bayern
38,29634.0,,1,42.0,K1827,Baden-Württemberg
61,62739.0,,1,27.0,K1141,Niedersachsen
68,94379.0,,1,35.0,K1557,Niedersachsen
42,67920.0,,1,48.0,K1358,Berlin
37,39083.0,,1,33.0,K1408,Baden-Württemberg
65,77272.0,,1,41.0,K1772,Berlin
50,62488.0,,1,12.0,K1676,Berlin
53,59582.0,,0,31.0,K1741,Hessen
69,64085.0,,0,52.0,K1819,Bayern
57,50717.0,,0,26.0,K1367,Nordrhein-Westfalen
62,80655.0,,1,35.0,K1715,Sachsen
46,49161.0,,0,39.0,K1402,Bayern
53,68336.0,,1,33.0,K1519,Sachsen
58,49653.0,,0,38.0,K1255,Nordrhein-Westfalen
56,72358.0,,1,44.0,K1810,Thüringen
44,67182.0,,0,38.0,K1894,Nordrhein-Westfalen
39,50354.0,,0,41.0,K1655,Hessen
36,48307.0,,1,16.0,K1593,Baden-Württemberg
31,28228.0,,1,33.0,K1252,Baden-Württemberg
59,71174.0,,1,49.0,K1251,Hessen
43,59151.0,,0,31.0,K1941,Thüringen
30,40099.0,,0,40.0,K1931,Sachsen
59,61744.0,,1,27.0,K1975,Thüringen
49,64641.0,,1,38.0,K1453,Brandenburg
48,57581.0,,0,57.0,K1568,Baden-Württemberg
61,71948.0,,1,33.0,K1430,Baden-Württemberg
37,57752.0,,1,24.0,K1291,Baden-Württemberg
56,59483.0,,0,53.0,K1228,Baden-Württemberg
68,82507.0,,1,24.0,K1864,Sachsen
65,77624.0,,0,41.0,K1713,Bayern
35,55165.0,,0,16.0,K1248,Nordrhein-Westfalen
60,70843.0,,0,33.0,K1956,Baden-Württemberg
58,68875.0,,1,36.0,K1302,Nordrhein-Westfalen
60,68566.0,,1,20.0,K1714,Berlin
42,54738.0,,0,37.0,K1384,Berlin
68,84267.0,,1,43.0,K1398,Berlin
47,68475.0,,0,50.0,K1505,Berlin
45,47805.0,,0,36.0,K1227,Berlin
68,68468.0,,0,43.0,K1288,Baden-Württemberg
50,61400.0,,0,16.0,K1307,Niedersachsen
62,80040.0,,0,36.0,K1543,Nordrhein-Westfalen
36,62518.0,,0,35.0,K1351,Nordrhein-Westfalen
54,65104.0,,0,37.0,K1520,Niedersachsen
65,72026.0,,0,26.0,K1893,Sachsen
50,38912.0,,1,34.0,K1234,Berlin
31,39506.0,,1,15.0,K1742,Hessen
35,33127.0,,1,23.0,K1507,Brandenburg
57,60794.0,,0,32.0,K1899,Bayern
58,58019.0,,1,42.0,K1794,Baden-Württemberg
50,54638.0,,1,45.0,K1915,Sachsen
54,69123.0,,0,56.0,K1324,Thüringen
55,69614.0,,1,46.0,K1746,Baden-Württemberg
44,49444.0,,1,27.0,K1917,Baden-Württemberg
42,50763.0,,1,14.0,K1777,Brandenburg
39,41453.0,,0,40.0,K1920,Niedersachsen
35,51810.0,,1,49.0,K1729,Baden-Württemberg
38,56414.0,,0,43.0,K1960,Bayern
67,71830.0,,1,23.0,K1785,Baden-Württemberg
67,64683.0,,0,22.0,K1491,Berlin
38,60884.0,,1,41.0,K1968,Thüringen
56,82205.0,,0,43.0,K1614,Hamburg
44,47046.0,,1,38.0,K1372,Nordrhein-Westfalen
48,84747.0,,1,36.0,K1837,Bayern
36,43538.0,,1,26.0,K1546,Hessen
57,72996.0,,1,43.0,K1601,Niedersachsen
48,70708.0,,1,35.0,K1217,Sachsen
42,48260.0,,0,41.0,K1337,Sachsen
56,76156.0,,1,29.0,K1879,Baden-Württemberg
40,26847.0,,1,41.0,K1712,Bayern
60,76138.0,,0,36.0,K1776,Sachsen
63,66691.0,,1,52.0,K1478,Bayern
35,35045.0,,1,47.0,K1977,Sachsen
47,55621.0,,0,35.0,K1856,Baden-Württemberg
60,67688.0,,1,33.0,K1338,Hessen
68,70849.0,,1,33.0,K1911,Brandenburg
53,79245.0,,1,31.0,K1781,Bayern
55,58431.0,,1,46.0,K1422,Nordrhein-Westfalen
63,74594.0,,0,28.0,K1753,Niedersachsen
30,44636.0,,0,32.0,K1515,Berlin
41,49170.0,,1,36.0,K1903,Baden-Württemberg
68,78649.0,,0,37.0,K1463,Nordrhein-Westfalen
31,43376.0,,1,38.0,K1363,Thüringen
44,68127.0,,0,24.0,K1732,Bayern
44,55446.0,,0,45.0,K1737,Bayern
66,79204.0,,1,37.0,K1387,Sachsen
39,59913.0,,0,29.0,K1481,Bayern
39,51488.0,,0,14.0,K1489,Bayern
43,53220.0,,1,40.0,K1329,Brandenburg
50,50946.0,,0,45.0,K1951,Baden-Württemberg
45,52766.0,,0,42.0,K1833,Hamburg
53,53443.0,,1,39.0,K1577,Nordrhein-Westfalen
35,31856.0,,1,56.0,K1452,Nordrhein-Westfalen
47,49586.0,,1,42.0,K1610,Bayern
49,63443.0,,1,32.0,K1744,Baden-Württemberg
41,49634.0,,1,65.0,K1983,Berlin
30,31802.0,,1,38.0,K1929,Hessen
58,52545.0,,1,16.0,K1908,Niedersachsen
31,34124.0,,1,33.0,K1724,Sachsen
30,58747.0,,1,32.0,K1866,Bayern
34,50644.0,,0,29.0,K1750,Bayern
62,63232.0,,1,35.0,K1859,Hessen
34,45508.0,,1,39.0,K1661,Nordrhein-Westfalen
59,85252.0,,1,26.0,K1955,Berlin
39,50014.0,,1,31.0,K1682,Nordrhein-Westfalen
36,43526.0,,1,46.0,K1190,Sachsen
62,59573.0,,1,18.0,K1347,Baden-Württemberg
55,62383.0,,1,41.0,K1803,Nordrhein-Westfalen
48,59164.0,,0,41.0,K1264,Berlin
50,73917.0,,1,52.0,K1629,Bayern
46,63048.0,,1,31.0,K1140,Berlin
57,54320.0,,1,53.0,K1645,Brandenburg
38,45342.0,,1,40.0,K1275,Berlin
52,68580.0,,0,24.0,K1759,Berlin
43,60901.0,,0,52.0,K1891,Hessen
48,65434.0,,0,36.0,K1860,Sachsen
57,64092.0,,1,36.0,K1943,Nordrhein-Westfalen
54,74221.0,,1,45.0,K1200,Nordrhein-Westfalen
59,56608.0,,1,49.0,K1668,Bayern
58,78518.0,,1,24.0,K1345,Baden-Württemberg
40,49709.0,,1,20.0,K1679,Thüringen
32,36992.0,,1,26.0,K1795,Hamburg
66,67551.0,,1,18.0,K1565,Sachsen
56,66602.0,,1,55.0,K1658,Thüringen
35,48823.0,,0,21.0,K1885,Baden-Württemberg
35,50251.0,,0,39.0,K1311,Nordrhein-Westfalen
46,44088.0,,1,32.0,K1497,Nordrhein-Westfalen
69,84660.0,,0,32.0,K1502,Baden-Württemberg
38,46151.0,,1,18.0,K1861,Niedersachsen
39,56024.0,,1,59.0,K1322,Baden-Württemberg
43,53592.0,,0,31.0,K1109,Nordrhein-Westfalen
36,46293.0,,1,42.0,K1747,Baden-Württemberg
51,53493.0,,0,57.0,K1902,Niedersachsen
47,63291.0,,1,46.0,K1717,Baden-Württemberg
62,74418.0,,0,30.0,K1843,Bayern
62,80099.0,,1,37.0,K1651,Sachsen
36,22706.0,,0,35.0,K1830,Baden-Württemberg
64,80694.0,,0,20.0,K1788,Baden-Württemberg
57,69354.0,,1,51.0,K1203,Thüringen
34,37662.0,,1,28.0,K1832,Bayern
49,70658.0,,0,47.0,K1678,Nordrhein-Westfalen
68,82210.0,,0,36.0,K1511,Nordrhein-Westfalen
49,67814.0,,0,44.0,K1607,Niedersachsen
69,69862.0,,1,44.0,K1152,Hessen
57,68849.0,,0,30.0,K1137,Berlin
58,64188.0,,0,42.0,K1305,Bayern
59,63242.0,,1,33.0,K1239,Berlin
58,81205.0,,1,46.0,K1132,Hessen
42,48308.0,,1,41.0,K1952,Berlin
41,51201.0,,1,28.0,K1335,Berlin
38,60021.0,,0,25.0,K1594,Niedersachsen
49,51392.0,,0,40.0,K1483,Baden-Württemberg
68,75570.0,,1,35.0,K1393,Berlin
58,74947.0,,0,47.0,K1523,Nordrhein-Westfalen
53,65983.0,,0,48.0,K1779,Baden-Württemberg
66,80806.0,,1,22.0,K1496,Bayern
44,60136.0,,1,50.0,K1697,Bayern
62,70449.0,,0,24.0,K1603,Niedersachsen
70,87312.0,,0,46.0,K1243,Berlin
51,43967.0,,1,51.0,K1167,Nordrhein-Westfalen
40,50405.0,,1,39.0,K1576,Baden-Württemberg
30,37309.0,,0,30.0,K1752,Berlin
57,77751.0,,0,25.0,K1233,Bayern
39,45048.0,,0,28.0,K1972,Nordrhein-Westfalen
34,33067.0,,0,34.0,K1625,Baden-Württemberg
58,57894.0,,1,38.0,K1169,Hessen
60,63515.0,,1,44.0,K1119,Nordrhein-Westfalen
62,77583.0,,0,18.0,K1261,Berlin
56,41843.0,,0,40.0,K1145,Berlin
30,40182.0,,0,32.0,K1597,Nordrhein-Westfalen
47,58433.0,,0,22.0,K1484,Baden-Württemberg
66,77161.0,,0,15.0,K1292,Baden-Württemberg
38,47189.0,,0,41.0,K1868,Bayern
41,49551.0,,0,31.0,K1321,Baden-Württemberg
30,30097.0,,0,8.0,K1157,Thüringen
45,48971.0,,0,55.0,K1442,Nordrhein-Westfalen
42,35264.0,,1,42.0,K1853,Baden-Württemberg
47,51430.0,,0,24.0,K1824,Nordrhein-Westfalen
48,73148.0,,1,40.0,K1829,Sachsen
51,69769.0,,0,32.0,K1400,Hessen
46,66328.0,,1,20.0,K1806,Berlin
70,66260.0,,0,43.0,K1356,Nordrhein-Westfalen
45,50110.0,,0,25.0,K1831,Baden-Württemberg
46,57510.0,,1,43.0,K1566,Hamburg
58,69209.0,,0,34.0,K1560,Nordrhein-Westfalen
67,81522.0,,1,21.0,K1992,Baden-Württemberg
49,60351.0,,1,35.0,K1374,Baden-Württemberg
42,53358.0,,1,47.0,K1306,Berlin
56,61602.0,,1,48.0,K1266,Bayern
62,65956.0,,1,22.0,K1660,Berlin
30,45591.0,,1,26.0,K1834,Hessen
48,43656.0,,0,41.0,K1506,Nordrhein-Westfalen
59,56317.0,,0,35.0,K1807,Niedersachsen
68,84969.0,,1,24.0,K1581,Berlin
36,43725.0,,1,43.0,K1876,Nordrhein-Westfalen
69,65999.0,,0,44.0,K1210,Bayern
43,53631.0,,1,54.0,K1670,Baden-Württemberg
63,81612.0,,1,38.0,K1494,Hessen
34,43359.0,,1,33.0,K1106,Berlin
52,54509.0,,0,30.0,K1937,Nordrhein-Westfalen
53,68188.0,,0,35.0,K1666,Baden-Württemberg
37,56718.0,,0,40.0,K1185,Bayern
39,40996.0,,1,28.0,K1310,Hessen
59,61880.0,,0,35.0,K1139,Bayern
70,72700.0,,1,48.0,K1880,Nordrhein-Westfalen
60,78634.0,,0,41.0,K1613,Nordrhein-Westfalen
64,67710.0,,1,43.0,K1532,Nordrhein-Westfalen
40,54688.0,,1,43.0,K1559,Baden-Württemberg
36,49201.0,,1,58.0,K1471,Berlin
43,37697.0,,1,7.0,K1196,Niedersachsen
54,71635.0,,1,46.0,K1444,Baden-Württemberg
64,59962.0,,1,48.0,K1669,Hessen
41,38376.0,,0,25.0,K1450,Thüringen
35,51044.0,,1,21.0,K1881,Sachsen
40,54037.0,,0,19.0,K1346,Nordrhein-Westfalen
46,65112.0,,0,54.0,K1118,Bayern
70,69100.0,,0,24.0,K1420,Sachsen
65,77312.0,,0,28.0,K1705,Nordrhein-Westfalen
35,34181.0,,1,26.0,K1492,Niedersachsen
52,66522.0,,1,47.0,K1378,Nordrhein-Westfalen
34,34322.0,,1,17.0,K1271,Sachsen
37,39509.0,,0,34.0,K1988,Baden-Württemberg
40,55845.0,,1,26.0,K1751,Berlin
63,78156.0,,1,27.0,K1923,Nordrhein-Westfalen
35,47151.0,,1,12.0,K1589,Berlin
31,26466.0,,1,40.0,K1978,Thüringen
32,40776.0,,1,13.0,K1609,Berlin
60,65588.0,,0,38.0,K1936,Bayern
58,60419.0,,1,55.0,K1348,Nordrhein-Westfalen
41,45567.0,,0,35.0,K1671,Baden-Württemberg
32,35273.0,,0,30.0,K1667,Nordrhein-Westfalen
46,70647.0,,0,52.0,K1791,Bayern
57,77462.0,,1,27.0,K1294,Bayern
60,54230.0,,1,50.0,K1887,Hessen
30,42932.0,,1,34.0,K1804,Nordrhein-Westfalen
36,44078.0,,0,25.0,K1580,Nordrhein-Westfalen
30,52892.0,,1,33.0,K1786,Baden-Württemberg
46,65676.0,,1,20.0,K1615,Baden-Württemberg
52,49271.0,,1,31.0,K1163,Niedersachsen
55,60312.0,,1,26.0,K1579,Bayern
43,49470.0,,1,31.0,K1665,Berlin
33,49676.0,,0,36.0,K1852,Hamburg
63,60049.0,,0,33.0,K1357,Berlin
65,86000.0,,0,39.0,K1126,Bayern
67,85350.0,,0,35.0,K1418,Baden-Württemberg
42,55437.0,,0,37.0,K1564,Brandenburg
61,74660.0,,1,36.0,K1265,Bayern
43,63300.0,,0,44.0,K1381,Berlin
63,67502.0,,1,32.0,K1296,Nordrhein-Westfalen
40,41374.0,,0,50.0,K1490,Thüringen
39,41160.0,,0,37.0,K1910,Baden-Württemberg
66,89745.0,,0,37.0,K1518,Bayern
62,70988.0,,0,38.0,K1596,Niedersachsen
60,62735.0,,0,28.0,K1448,Baden-Württemberg
70,84240.0,,1,30.0,K1874,Hamburg
46,64231.0,,1,52.0,K1413,Bayern
47,55130.0,,0,33.0,K1766,Bayern
43,59105.0,,1,62.0,K1235,Niedersachsen
59,73522.0,,1,26.0,K1768,Hamburg
51,46980.0,,1,43.0,K1976,Hamburg
34,50082.0,,1,19.0,K1204,Baden-Württemberg
49,61222.0,,1,35.0,K1477,Nordrhein-Westfalen
57,74593.0,,0,38.0,K1192,Sachsen
68,86843.0,,1,28.0,K1563,Berlin
61,72725.0,,1,28.0,K1435,Berlin
32,31563.0,,1,52.0,K1319,Baden-Württemberg
37,44542.0,,0,34.0,K1571,Niedersachsen
44,61848.0,,1,22.0,K1226,Baden-Württemberg
53,64184.0,,0,33.0,K1719,Brandenburg
41,41971.0,,1,20.0,K1125,Hamburg
31,47828.0,,1,20.0,K1805,Hessen
37,41293.0,,0,33.0,K1176,Niedersachsen
32,34392.0,,1,48.0,K1211,Hessen
41,68516.0,,0,34.0,K1375,Sachsen
65,89685.0,,0,23.0,K1965,Bayern
68,95714.0,,0,32.0,K1540,Bayern
49,73319.0,,0,27.0,K1207,Niedersachsen
